time,evaluated,value,avgValue
8324.0,10000,0.956175197213323,0.956175197213323
16688.0,20000,0.9638978585485147,0.9600365278809189
24953.0,30000,0.9638978585485147,0.9613236381034508
32846.0,40000,0.9638978585485147,0.9619671932147168
41168.0,50000,0.9645760472780166,0.9624889640273768
49450.0,60000,0.9645760472780166,0.9628368112358167
57596.0,70000,0.9645760472780166,0.9630852735275595
65892.0,80000,0.9645760472780166,0.9632716202463666
74537.0,90000,0.9645760472780166,0.9634165565832166
83270.0,100000,0.9645760472780166,0.9635325056526967
91419.0,110000,0.9645760472780166,0.9636273730731802
99861.0,120000,0.9645760472780166,0.9637064292569167
108266.0,130000,0.9645760472780166,0.9637733229508475
116846.0,140000,0.9645760472780166,0.9638306604027882
125670.0,150000,0.9645760472780166,0.9638803528611368
134211.0,160000,0.9645760472780166,0.9639238337621918
142470.0,170000,0.9645760472780166,0.9639621992631227
151524.0,180000,0.9645760472780166,0.9639963019306167
160002.0,190000,0.9645760472780166,0.9640268148436376
168750.0,200000,0.9645760472780166,0.9640542764653566
177138.0,210000,0.9645760472780166,0.9640791226945308
185568.0,220000,0.9645760472780166,0.9641017101755982
194411.0,230000,0.967102986753643,0.9642322004616003
203108.0,240000,0.967102986753643,0.9643518165571021
211835.0,250000,0.967102986753643,0.9644618633649639
220625.0,260000,0.967102986753643,0.9645634450337592
229651.0,270000,0.967102986753643,0.9646575021344957
238399.0,280000,0.967102986753643,0.964744840870894
247149.0,290000,0.967102986753643,0.9648261562461612
256238.0,300000,0.967102986753643,0.9649020505964107
264905.0,310000,0.967102986753643,0.9649730485369665
273836.0,320000,0.967102986753643,0.9650396091062378
282513.0,330000,0.967102986753643,0.9651021357016137
291106.0,340000,0.967102986753643,0.9651609842619675
299798.0,350000,0.967102986753643,0.9652164700474439
308304.0,360000,0.967102986753643,0.9652688732892829
317204.0,370000,0.967102986753643,0.9653184439234548
325778.0,380000,0.967102986753643,0.9653654055768809
334673.0,390000,0.967102986753643,0.9654099589403876
343652.0,400000,0.967102986753643,0.9654522846357191
352345.0,410000,0.967102986753643,0.9654925456629856
361050.0,420000,0.967102986753643,0.9655308894984774
369970.0,430000,0.967102986753643,0.9655674498997604
379686.0,440000,0.971144686775046,0.9656942052832896
388622.0,450000,0.971144686775046,0.9658153270942176
397619.0,460000,0.971144686775046,0.9659311827394531
406715.0,470000,0.971144686775046,0.9660421083572317
416145.0,480000,0.971144686775046,0.9661484120742695
425280.0,490000,0.971144686775046,0.9662503768640813
434524.0,500000,0.971144686775046,0.9663482630623007
444132.0,510000,0.971144686775046,0.96644231058608
453241.0,520000,0.971144686775046,0.9665327408974064
462502.0,530000,0.971144686775046,0.9666197587441543
471722.0,540000,0.971144686775046,0.9667035537076893
480623.0,550000,0.971144686775046,0.9667843015816413
489922.0,560000,0.971144686775046,0.9668621656029522
499161.0,570000,0.971144686775046,0.9669372975533398
509139.0,580000,0.971144686775046,0.9670098387468176
518381.0,590000,0.971144686775046,0.9670799209167876
527527.0,600000,0.971144686775046,0.9671476670144252
536829.0,610000,0.971144686775046,0.9672131919285338
546081.0,620000,0.971144686775046,0.9672766031357357
555301.0,630000,0.971144686775046,0.9673380012887406
564553.0,640000,0.971144686775046,0.9673974807494642
573817.0,650000,0.971144686775046,0.9674551300729347
583074.0,660000,0.971144686775046,0.9675110324472092
592399.0,670000,0.971144686775046,0.9675652660938933
601671.0,680000,0.971144686775046,0.967617904633322
610972.0,690000,0.971144686775046,0.9676690174179846
620264.0,700000,0.971144686775046,0.9677186698373713
629991.0,710000,0.971144686775046,0.9677669235970568
640223.0,720000,0.971144686775046,0.9678138369745289
649613.0,730000,0.971144686775046,0.9678594650539881
658957.0,740000,0.971144686775046,0.9679038599421106
668008.0,750000,0.971144686775046,0.9679470709665497
677332.0,760000,0.971144686775046,0.9679891448587669
686713.0,770000,0.971144686775046,0.9680301259226146
696002.0,780000,0.971144686775046,0.9680700561899536
705119.0,790000,0.971144686775046,0.9681089755644484
714191.0,800000,0.971144686775046,0.9681469219545809
723604.0,810000,0.971144686775046,0.9681839313968089
732855.0,820000,0.971144686775046,0.9682200381697142
741950.0,830000,0.971144686775046,0.968255274899899
751314.0,840000,0.971144686775046,0.9682896726603174
760503.0,850000,0.971144686775046,0.9683232610616672
769660.0,860000,0.971144686775046,0.9683560683374042
779154.0,870000,0.971144686775046,0.9683881214228943
788948.0,880000,0.971144686775046,0.9684194460291689
798377.0,890000,0.971144686775046,0.9684500667117067
807888.0,900000,0.971144686775046,0.9684800069346328
817287.0,910000,0.971144686775046,0.9685092891306814
826539.0,920000,0.971144686775046,0.9685379347572506
835912.0,930000,0.971144686775046,0.9685659643488398
845196.0,940000,0.971144686775046,0.9685933975661398
854499.0,950000,0.971144686775046,0.968620253242023
863655.0,960000,0.971144686775046,0.9686465494246588
872905.0,970000,0.971144686775046,0.9686723034179617
882577.0,980000,0.971144686775046,0.9686975318195646
892113.0,990000,0.971144686775046,0.9687222505564888
901196.0,1000000,0.971144686775046,0.9687464749186744
910809.0,1010000,0.971144686775046,0.9687702195905197
920494.0,1020000,0.971144686775046,0.9687934986805641
929853.0,1030000,0.971144686775046,0.9688163257494425
939175.0,1040000,0.971144686775046,0.9688387138362272
948888.0,1050000,0.971144686775046,0.9688606754832636
958219.0,1060000,0.971144686775046,0.9688822227596011
967408.0,1070000,0.971144686775046,0.96890336728311
976613.0,1080000,0.971144686775046,0.9689241202413688
985844.0,1090000,0.971144686775046,0.9689444924114025
995018.0,1100000,0.971144686775046,0.9689644941783447
1004457.0,1110000,0.971144686775046,0.9689841355530898
1013830.0,1120000,0.971144686775046,0.9690034261890001
1023055.0,1130000,0.971144686775046,0.9690223753977262
1032497.0,1140000,0.971144686775046,0.9690409921641939
1041925.0,1150000,0.971144686775046,0.9690592851608101
1051302.0,1160000,0.971144686775046,0.9690772627609328
1060948.0,1170000,0.971144686775046,0.9690949330516517
1070083.0,1180000,0.971144686775046,0.9691123038459178
1079378.0,1190000,0.971144686775046,0.9691293826940618
1088787.0,1200000,0.971144686775046,0.9691461768947367
1098157.0,1210000,0.971144686775046,0.9691626935053177
1107667.0,1220000,0.971144686775046,0.9691789393517909
1116924.0,1230000,0.971144686775046,0.9691949210381589
1126337.0,1240000,0.971144686775046,0.9692106449553919
1135775.0,1250000,0.971144686775046,0.9692261172899491
1145365.0,1260000,0.971144686775046,0.9692413440318943
1155619.0,1270000,0.971144686775046,0.9692563309826279
1164972.0,1280000,0.971144686775046,0.9692710837622561
1174623.0,1290000,0.971144686775046,0.9692856078166189
1183798.0,1300000,0.971144686775046,0.9692999084239914
1192932.0,1310000,0.971144686775046,0.9693139907014804
1202306.0,1320000,0.971144686775046,0.9693278596111287
1211955.0,1330000,0.971144686775046,0.9693415199657446
1221295.0,1340000,0.971144686775046,0.9693549764344705
1230666.0,1350000,0.971144686775046,0.9693682335481044
1240029.0,1360000,0.971144686775046,0.9693812957041847
1249312.0,1370000,0.971144686775046,0.9693941671718552
1259169.0,1380000,0.971144686775046,0.9694068520965159
1268238.0,1390000,0.971144686775046,0.9694193545042751
1277719.0,1400000,0.971144686775046,0.969431678306209
1286989.0,1410000,0.971144686775046,0.9694438273024418
1296535.0,1420000,0.971144686775046,0.9694558051860517
1305623.0,1430000,0.971144686775046,0.9694676155468137
1314981.0,1440000,0.971144686775046,0.9694792618747875
1324591.0,1450000,0.971144686775046,0.9694907475637548
1334012.0,1460000,0.971144686775046,0.9695020759145169
1343266.0,1470000,0.971144686775046,0.9695132501380578
1353248.0,1480000,0.971144686775046,0.9695242733585779
1362563.0,1490000,0.971144686775046,0.9695351486164066
1371930.0,1500000,0.971144686775046,0.9695458788707974
1381075.0,1510000,0.971144686775046,0.9695564670026134
1390369.0,1520000,0.971144686775046,0.9695669158169057
1399847.0,1530000,0.971144686775046,0.9695772280453903
1409133.0,1540000,0.971144686775046,0.9695874063488295
1418779.0,1550000,0.971144686775046,0.9695974533193211
1427997.0,1560000,0.971144686775046,0.9696073714824988
1437255.0,1570000,0.971144686775046,0.9696171632996486
1446457.0,1580000,0.971144686775046,0.969626831169746
1455789.0,1590000,0.971144686775046,0.9696363774314145
1465320.0,1600000,0.971144686775046,0.9696458043648122
1474661.0,1610000,0.971144686775046,0.9696551141934471
1483951.0,1620000,0.971144686775046,0.9696643090859259
1493405.0,1630000,0.971144686775046,0.9696733911576383
1502774.0,1640000,0.971144686775046,0.9696823624723785
1512211.0,1650000,0.971144686775046,0.9696912250439098
1521396.0,1660000,0.971144686775046,0.9696999808374708
1530799.0,1670000,0.971144686775046,0.9697086317712286
1540119.0,1680000,0.971144686775046,0.9697171797176798
1549438.0,1690000,0.971144686775046,0.9697256265050015
1559013.0,1700000,0.971144686775046,0.9697339739183546
1568424.0,1710000,0.971144686775046,0.9697422237011422
1577800.0,1720000,0.971144686775046,0.969750377556223
1587506.0,1730000,0.971144686775046,0.9697584371470831
1596854.0,1740000,0.971144686775046,0.9697664040989679
1606164.0,1750000,0.971144686775046,0.969774279999974
1615513.0,1760000,0.971144686775046,0.9697820664021051
1624738.0,1770000,0.971144686775046,0.9697897648222911
1634437.0,1780000,0.971144686775046,0.9697973767433739
1643644.0,1790000,0.971144686775046,0.9698049036150591
1652850.0,1800000,0.971144686775046,0.9698123468548367
1662470.0,1810000,0.971144686775046,0.9698197078488711
1671867.0,1820000,0.971144686775046,0.9698269879528609
1681250.0,1830000,0.971144686775046,0.9698341884928728
1691463.0,1840000,0.971144686775046,0.9698413107661454
1700617.0,1850000,0.971144686775046,0.9698483560418691
1709805.0,1860000,0.971144686775046,0.9698553255619399
1719200.0,1870000,0.971144686775046,0.9698622205416891
1728532.0,1880000,0.971144686775046,0.9698690421705899
1737941.0,1890000,0.971144686775046,0.9698757916129415
1747370.0,1900000,0.971144686775046,0.9698824700085313
1756777.0,1910000,0.971144686775046,0.9698890784732774
1766059.0,1920000,0.971144686775046,0.9698956180998491
1775734.0,1930000,0.971144686775046,0.9699020899582698
1785319.0,1940000,0.971144686775046,0.9699084950965005
1794601.0,1950000,0.971144686775046,0.9699148345410058
1803988.0,1960000,0.971144686775046,0.9699211092973019
1813362.0,1970000,0.971144686775046,0.9699273203504883
1822772.0,1980000,0.971144686775046,0.9699334686657638
1832735.0,1990000,0.971144686775046,0.9699395551889259
1842857.0,2000000,0.971144686775046,0.9699455808468564
1852302.0,2010000,0.971144686775046,0.9699515465479918
1861707.0,2020000,0.971144686775046,0.969957453182779
1870975.0,2030000,0.971144686775046,0.9699633016241203
1880208.0,2040000,0.971144686775046,0.9699690927278012
1889818.0,2050000,0.971144686775046,0.9699748273329096
1899249.0,2060000,0.971144686775046,0.9699805062622403
1909035.0,2070000,0.971144686775046,0.9699861303226885
1918555.0,2080000,0.971144686775046,0.9699917003056325
1928206.0,2090000,0.971144686775046,0.9699972169873043
1937575.0,2100000,0.971144686775046,0.9700026811291507
1947409.0,2110000,0.971144686775046,0.9700080934781833
1956858.0,2120000,0.971144686775046,0.9700134547673194
1966455.0,2130000,0.971144686775046,0.9700187657157124
1975948.0,2140000,0.971144686775046,0.9700240270290738
1985422.0,2150000,0.971144686775046,0.9700292393999852
1994813.0,2160000,0.971144686775046,0.970034403508203
2004221.0,2170000,0.971144686775046,0.9700395200209534
2013585.0,2180000,0.971144686775046,0.9700445895932198
2023024.0,2190000,0.971144686775046,0.9700496128680226
2032533.0,2200000,0.971144686775046,0.9700545904766908
2042032.0,2210000,0.971144686775046,0.9700595230391268
2051713.0,2220000,0.971144686775046,0.9700644111640633
2061382.0,2230000,0.971144686775046,0.9700692554493142
2070860.0,2240000,0.971144686775046,0.9700740564820184
2080612.0,2250000,0.971144686775046,0.9700788148388763
2090124.0,2260000,0.971144686775046,0.9700835310863813
2099722.0,2270000,0.971144686775046,0.970088205781045
2109667.0,2280000,0.971144686775046,0.9700928394696151
2119303.0,2290000,0.971144686775046,0.9700974326892895
2128888.0,2300000,0.971144686775046,0.9701019859679231
2138946.0,2310000,0.971144686775046,0.9701064998242309
2148776.0,2320000,0.971144686775046,0.9701109747679845
2158880.0,2330000,0.971144686775046,0.9701154113002035
2168495.0,2340000,0.971144686775046,0.9701198099133438
2178399.0,2350000,0.971144686775046,0.9701241710914786
2188238.0,2360000,0.971144686775046,0.9701284953104768
2197868.0,2370000,0.971144686775046,0.9701327830381753
2207445.0,2380000,0.971144686775046,0.9701370347345487
2217265.0,2390000,0.9715584061931142,0.9701429818954632
2227401.0,2400000,0.9715584061931142,0.9701488794967034
2237150.0,2410000,0.9715584061931142,0.9701547281551947
2247175.0,2420000,0.9715584061931142,0.9701605284776654
2257031.0,2430000,0.9715584061931142,0.9701662810608566
2266952.0,2440000,0.9715584061931142,0.9701719864917264
2276754.0,2450000,0.9715584061931142,0.9701776453476505
2286459.0,2460000,0.9715584061931142,0.9701832581966158
2296834.0,2470000,0.9715584061931142,0.9701888255974113
2307871.0,2480000,0.9715584061931142,0.9701943480998133
2317791.0,2490000,0.9715584061931142,0.9701998262447663
2328245.0,2500000,0.9715584061931142,0.9702052605645597
2338052.0,2510000,0.9715584061931142,0.9702106515830001
2348299.0,2520000,0.9715584061931142,0.9702159998155799
2358189.0,2530000,0.9715584061931142,0.9702213057696414
2368164.0,2540000,0.9715584061931142,0.9702265699445369
2378111.0,2550000,0.9715584061931142,0.9702317928317862
2388409.0,2560000,0.9715584061931142,0.9702369749152289
2398540.0,2570000,0.9715584061931142,0.9702421166711739
2409223.0,2580000,0.9767183713690277,0.9702672184335688
2419417.0,2590000,0.9767183713690277,0.9702921263599604
2429292.0,2600000,0.9767183713690277,0.9703168426869184
2439372.0,2610000,0.9767183713690277,0.970341369616735
2449623.0,2620000,0.9767183713690277,0.9703657093180796
2459289.0,2630000,0.9767183713690277,0.9703898639266384
2469592.0,2640000,0.9767183713690277,0.9704138355457382
2479787.0,2650000,0.9767183713690277,0.9704376262469582
2489912.0,2660000,0.9767183713690277,0.9704612380707254
2499856.0,2670000,0.9767183713690277,0.9704846730268988
2510258.0,2680000,0.9767183713690277,0.9705079330953397
2520264.0,2690000,0.9767183713690277,0.9705310202264686
2530838.0,2700000,0.9767183713690277,0.9705539363418114
2541473.0,2710000,0.9767183713690277,0.9705766833345317
2551740.0,2720000,0.9767183713690277,0.9705992630699527
2561890.0,2730000,0.9779171895984078,0.9706260686616321
2572470.0,2740000,0.9779171895984078,0.9706526785920584
2582621.0,2750000,0.9779171895984078,0.9706790949957179
2592864.0,2760000,0.9779171895984078,0.9707053199761625
2602929.0,2770000,0.9779171895984078,0.9707313556065679
2612997.0,2780000,0.9779171895984078,0.9707572039302795
2623543.0,2790000,0.9779171895984078,0.9707828669613482
2633697.0,2800000,0.9779171895984078,0.9708083466850521
2644471.0,2810000,0.9779171895984078,0.9708336450584093
2654879.0,2820000,0.9779171895984078,0.9708587640106788
2665392.0,2830000,0.9779171895984078,0.9708837054438512
2675906.0,2840000,0.9779171895984078,0.9709084712331278
2686054.0,2850000,0.9779171895984078,0.970933063227392
2696696.0,2860000,0.9779171895984078,0.9709574832496684
2707369.0,2870000,0.9779171895984078,0.9709817330975734
2717935.0,2880000,0.9779171895984078,0.971005814543757
2729034.0,2890000,0.9779171895984078,0.9710297293363337
2739683.0,2900000,0.9779171895984078,0.9710534791993064
2750084.0,2910000,0.9779171895984078,0.9710770658329804
2760986.0,2920000,0.9779171895984078,0.9711004909143689
2771547.0,2930000,0.9779171895984078,0.9711237560975909
2782224.0,2940000,0.9779171895984078,0.9711468630142605
2792675.0,2950000,0.9779171895984078,0.9711698132738679
2803016.0,2960000,0.9779171895984078,0.9711926084641536
2813490.0,2970000,0.9779171895984078,0.9712152501514744
2823829.0,2980000,0.9779171895984078,0.9712377398811621
2834147.0,2990000,0.9779171895984078,0.9712600791778754
2845277.0,3000000,0.9779171895984078,0.9712822695459439
2855683.0,3010000,0.9779171895984078,0.9713043124697063
2866121.0,3020000,0.9779171895984078,0.9713262094138411
2876854.0,3030000,0.9779171895984078,0.9713479618236912
2887303.0,3040000,0.9779171895984078,0.9713695711255819
2898820.0,3050000,0.9779171895984078,0.9713910387271322
2909639.0,3060000,0.9779171895984078,0.9714123660175612
2920392.0,3070000,0.9779171895984078,0.9714335543679875
2930669.0,3080000,0.9779171895984078,0.9714546051317227
2941125.0,3090000,0.9779171895984078,0.9714755196445599
2951433.0,3100000,0.9779171895984078,0.9714962992250563
2962275.0,3110000,0.9779171895984078,0.9715169451748099
2972983.0,3120000,0.9779171895984078,0.9715374587787318
2983547.0,3130000,0.9779171895984078,0.9715578413053123
2995029.0,3140000,0.9779171895984078,0.9715780940068827
3005661.0,3150000,0.9779171895984078,0.9715982181198717
3016187.0,3160000,0.9779171895984078,0.9716182148650571
3026454.0,3170000,0.9779171895984078,0.9716380854478122
3037679.0,3180000,0.9779171895984078,0.9716578310583487
3048072.0,3190000,0.9779171895984078,0.971677452871954
3058742.0,3200000,0.9779171895984078,0.9716969520492242
3069325.0,3210000,0.9779171895984078,0.9717163297362934
3079996.0,3220000,0.9779171895984078,0.9717355870650578
3090591.0,3230000,0.9779171895984078,0.9717547251533963
3101299.0,3240000,0.9779171895984078,0.9717737451053872
3112602.0,3250000,0.9779171895984078,0.9717926480115197
3122852.0,3260000,0.9779171895984078,0.9718114349489028
3133755.0,3270000,0.9779171895984078,0.9718301069814702
3144817.0,3280000,0.9779171895984078,0.9718486651601804
3155173.0,3290000,0.9779171895984078,0.9718671105232146
3167274.0,3300000,0.9779171895984078,0.9718854440961698
3178862.0,3310000,0.9779171895984078,0.9719036668922492
3189862.0,3320000,0.9779171895984078,0.9719217799124484
3200601.0,3330000,0.9779171895984078,0.9719397841457397
3211249.0,3340000,0.9779171895984078,0.9719576805692507
3221498.0,3350000,0.9779171895984078,0.9719754701484423
3231893.0,3360000,0.9779171895984078,0.9719931538372816
3242034.0,3370000,0.9779171895984078,0.9720107325784125
3253200.0,3380000,0.9779171895984078,0.9720282073033238
3263962.0,3390000,0.9779171895984078,0.972045578932513
3275157.0,3400000,0.9779171895984078,0.972062848375648
3286749.0,3410000,0.9787573705483589,0.97208248040548
3297656.0,3420000,0.9787573705483589,0.97210199762812
3308449.0,3430000,0.9787573705483589,0.9721214010477125
3320209.0,3440000,0.9787573705483589,0.972140691656726
3330675.0,3450000,0.9787573705483589,0.972159870436122
3341453.0,3460000,0.9787573705483589,0.9721789383555215
3351885.0,3470000,0.9787573705483589,0.9721978963733683
3362099.0,3480000,0.9787573705483589,0.9722167454370895
3373039.0,3490000,0.9787573705483589,0.9722354864832535
3383644.0,3500000,0.9787573705483589,0.9722541204377252
3394685.0,3510000,0.9787573705483589,0.9722726482158182
3405404.0,3520000,0.9787573705483589,0.9722910707224447
3415887.0,3530000,0.9787573705483589,0.9723093888522631
3426408.0,3540000,0.9787573705483589,0.9723276034898227
3437200.0,3550000,0.9787573705483589,0.9723457155097058
3449051.0,3560000,0.9787573705483589,0.9723637257766684
3460712.0,3570000,0.9787573705483589,0.9723816351457767
3471827.0,3580000,0.9787573705483589,0.9723994444625437
3483267.0,3590000,0.9787573705483589,0.9724171545630612
3493967.0,3600000,0.9787573705483589,0.9724347662741315
3505058.0,3610000,0.9787573705483589,0.9724522804133953
3516165.0,3620000,0.9787573705483589,0.9724696977894587
3526507.0,3630000,0.9787573705483589,0.9724870192020176
3536845.0,3640000,0.9787573705483589,0.9725042454419801
3547363.0,3650000,0.9787573705483589,0.9725213772915866
3558048.0,3660000,0.9787573705483589,0.9725384155245286
3568206.0,3670000,0.9787573705483589,0.9725553609060649
3578627.0,3680000,0.9787573705483589,0.9725722141931363
3589096.0,3690000,0.9787573705483589,0.9725889761344784
3599711.0,3700000,0.9787573705483589,0.9726056474707321
3609963.0,3710000,0.9787573705483589,0.9726222289345531
3620552.0,3720000,0.9787573705483589,0.9726387212507193
3631130.0,3730000,0.9787573705483589,0.9726551251362356
3641502.0,3740000,0.9787573705483589,0.9726714413004391
3652016.0,3750000,0.9787573705483589,0.9726876704451003
3662545.0,3760000,0.9787573705483589,0.9727038132645238
3673086.0,3770000,0.9787573705483589,0.972719870445648
3683465.0,3780000,0.9787573705483589,0.972735842668142
3693863.0,3790000,0.9787573705483589,0.9727517306045014
3704078.0,3800000,0.9787573705483589,0.9727675349201431
3714624.0,3810000,0.9787573705483589,0.9727832562734979
3724854.0,3820000,0.9787573705483589,0.9727988953161023
3735728.0,3830000,0.9787573705483589,0.9728144526926877
3746014.0,3840000,0.9787573705483589,0.9728299290412702
3756333.0,3850000,0.9787573705483589,0.9728453249932367
3766920.0,3860000,0.9787573705483589,0.9728606411734313
3777204.0,3870000,0.9787573705483589,0.9728758782002398
3787715.0,3880000,0.9787573705483589,0.9728910366856731
3798173.0,3890000,0.9787573705483589,0.9729061172354486
3808716.0,3900000,0.9787573705483589,0.9729211204490714
3818871.0,3910000,0.9787573705483589,0.9729360469199136
3829329.0,3920000,0.9787573705483589,0.9729508972352923
3839763.0,3930000,0.9787573705483589,0.9729656719765469
3851000.0,3940000,0.9787573705483589,0.9729803717191149
3861390.0,3950000,0.9787573705483589,0.9729949970326066
3871855.0,3960000,0.9787573705483589,0.9730095484808787
3882319.0,3970000,0.9787573705483589,0.9730240266221066
3892588.0,3980000,0.9787573705483589,0.973038432008856
3902994.0,3990000,0.9787573705483589,0.973052765188153
3913571.0,4000000,0.9787573705483589,0.9730670267015534
3924381.0,4010000,0.9787573705483589,0.9730812170852113
3934758.0,4020000,0.9787573705483589,0.9730953368699455
3945122.0,4030000,0.9787573705483589,0.9731093865813063
3955569.0,4040000,0.9787573705483589,0.9731233667396406
3965802.0,4050000,0.9787573705483589,0.9731372778601559
3976267.0,4060000,0.9787573705483589,0.973151120452984
3986832.0,4070000,0.9787573705483589,0.9731648950232429
3997124.0,4080000,0.9787573705483589,0.9731786020710985
4007518.0,4090000,0.9787573705483589,0.9731922420918253
4017925.0,4100000,0.9787573705483589,0.9732058155758656
4028412.0,4110000,0.9787573705483589,0.9732193230088887
4038851.0,4120000,0.9797266323652507,0.9732351174490741
4049601.0,4130000,0.9797266323652507,0.9732508354028663
4060200.0,4140000,0.9797266323652507,0.9732664774245147
4070701.0,4150000,0.9797266323652507,0.9732820440629261
4081785.0,4160000,0.9797266323652507,0.9732975358617298
4092749.0,4170000,0.9797266323652507,0.9733129533593402
4103425.0,4180000,0.9797266323652507,0.9733282970890195
4113835.0,4190000,0.9797266323652507,0.9733435675789389
4124415.0,4200000,0.9797266323652507,0.9733587653522398
4135426.0,4210000,0.9797266323652507,0.9733738909270925
4146135.0,4220000,0.9797266323652507,0.9733889448167564
4156750.0,4230000,0.9797266323652507,0.9734039275296371
4167312.0,4240000,0.9797266323652507,0.9734188395693438
4177917.0,4250000,0.9797266323652507,0.973433681434746
4188532.0,4260000,0.9797266323652507,0.9734484536200289
4199164.0,4270000,0.9797266323652507,0.9734631566147485
4210027.0,4280000,0.9797266323652507,0.9734777909038852
4221279.0,4290000,0.9797266323652507,0.9734923569678977
4231980.0,4300000,0.9797266323652507,0.9735068552827754
4242607.0,4310000,0.9797266323652507,0.9735212863200897
4253370.0,4320000,0.9797266323652507,0.9735356505470462
4263917.0,4330000,0.9797266323652507,0.973549948426534
4274714.0,4340000,0.9797266323652507,0.9735641804171762
4285335.0,4350000,0.9797266323652507,0.9735783469733787
4296127.0,4360000,0.9797266323652507,0.9735924485453785
4306876.0,4370000,0.9797266323652507,0.9736064855792913
4317602.0,4380000,0.9797266323652507,0.9736204585171588
4328198.0,4390000,0.9797266323652507,0.9736343677969951
4338648.0,4400000,0.9797266323652507,0.9736482138528321
4349081.0,4410000,0.9797266323652507,0.973661997114765
4359739.0,4420000,0.9797266323652507,0.9736757180089969
4370585.0,4430000,0.9797266323652507,0.9736893769578824
4381104.0,4440000,0.9797266323652507,0.9737029743799711
4391769.0,4450000,0.9797266323652507,0.9737165106900505
4402490.0,4460000,0.9797266323652507,0.9737299862991877
4413296.0,4470000,0.9797266323652507,0.9737434016147718
4423922.0,4480000,0.9797266323652507,0.9737567570405542
4434730.0,4490000,0.9797266323652507,0.9737700529766894
4445221.0,4500000,0.9797266323652507,0.9737832898197751
4455994.0,4510000,0.9797266323652507,0.9737964679628915
4466631.0,4520000,0.9797266323652507,0.9738095877956401
4477301.0,4530000,0.9797266323652507,0.9738226497041824
4488065.0,4540000,0.9797266323652507,0.9738356540712773
4498797.0,4550000,0.9797266323652507,0.973848601276319
4509474.0,4560000,0.9797266323652507,0.9738614916953737
4520336.0,4570000,0.9797266323652507,0.973874325701216
4530957.0,4580000,0.9797266323652507,0.9738871036633645
4541657.0,4590000,0.9797266323652507,0.9738998259481182
4552314.0,4600000,0.9797266323652507,0.9739124929185903
4562924.0,4610000,0.9797266323652507,0.9739251049347436
4573698.0,4620000,0.9797266323652507,0.9739376623534244
4584267.0,4630000,0.9797266323652507,0.973950165528396
4594908.0,4640000,0.9797266323652507,0.9739626148103719
4605469.0,4650000,0.9797266323652507,0.9739750105470492
4616408.0,4660000,0.9797266323652507,0.9739873530831398
4627143.0,4670000,0.9797266323652507,0.9739996427604034
4637881.0,4680000,0.9797266323652507,0.9740118799176788
4648493.0,4690000,0.9797266323652507,0.9740240648909146
4659058.0,4700000,0.9797266323652507,0.9740361980132004
4669854.0,4710000,0.9797266323652507,0.9740482796147972
4680728.0,4720000,0.9797266323652507,0.9740603100231668
4691263.0,4730000,0.9797266323652507,0.9740722895630022
4701897.0,4740000,0.9797266323652507,0.9740842185562559
4712853.0,4750000,0.9797266323652507,0.9740960973221696
4723558.0,4760000,0.9797266323652507,0.9741079261773021
4734052.0,4770000,0.9797266323652507,0.9741197054355579
4744957.0,4780000,0.9797266323652507,0.9741314354082142
4755708.0,4790000,0.9797266323652507,0.9741431164039491
4766633.0,4800000,0.9797266323652507,0.9741547487288685
4777254.0,4810000,0.9797266323652507,0.9741663326865326
4788272.0,4820000,0.9797266323652507,0.9741778685779823
4798967.0,4830000,0.9797266323652507,0.9741893567017655
4809630.0,4840000,0.9797266323652507,0.9742007973539628
4820344.0,4850000,0.9797266323652507,0.974212190828213
4830974.0,4860000,0.9797266323652507,0.9742235374157378
4841681.0,4870000,0.9797266323652507,0.9742348374053672
4852461.0,4880000,0.9797266323652507,0.9742460910835637
4862969.0,4890000,0.9797266323652507,0.9742572987344466
4873606.0,4900000,0.9797266323652507,0.9742684606398155
4884124.0,4910000,0.9797266323652507,0.9742795770791749
4894839.0,4920000,0.9797266323652507,0.9742906483297564
4905484.0,4930000,0.9797266323652507,0.9743016746665425
4916479.0,4940000,0.9797266323652507,0.9743126563622889
4927330.0,4950000,0.9797266323652507,0.9743235936875474
4937831.0,4960000,0.9797266323652507,0.974334486910688
4948448.0,4970000,0.9797266323652507,0.9743453362979205
4959042.0,4980000,0.9797266323652507,0.9743561421133169
4969580.0,4990000,0.9797266323652507,0.9743669046188318
4980258.0,5000000,0.9797266323652507,0.9743776240743247
4990875.0,5010000,0.9797266323652507,0.9743883007375801
5001450.0,5020000,0.9797266323652507,0.9743989348643285
5012074.0,5030000,0.9797266323652507,0.9744095267082667
5022611.0,5040000,0.9797266323652507,0.9744200765210782
5033128.0,5050000,0.9797266323652507,0.9744305845524529
5043796.0,5060000,0.9797266323652507,0.9744410510501066
5054452.0,5070000,0.9797266323652507,0.9744514762598012
5065112.0,5080000,0.9797266323652507,0.9744618604253632
5075703.0,5090000,0.9797266323652507,0.9744722037887029
5086570.0,5100000,0.9797266323652507,0.9744825065898334
5097192.0,5110000,0.9797266323652507,0.9744927690668891
5108197.0,5120000,0.9797266323652507,0.9745029914561437
5119148.0,5130000,0.9797266323652507,0.974513173992029
5129870.0,5140000,0.9797266323652507,0.974523316907152
5140224.0,5150000,0.9797266323652507,0.9745334204323134
5150673.0,5160000,0.9797266323652507,0.9745434847965245
5161596.0,5170000,0.9797266323652507,0.9745535102270251
5172454.0,5180000,0.9797266323652507,0.9745634969492997
5183159.0,5190000,0.9797266323652507,0.9745734451870953
5193808.0,5200000,0.9797266323652507,0.974583355162438
5204720.0,5210000,0.9797266323652507,0.9745932270956488
5215295.0,5220000,0.9797266323652507,0.9746030612053607
5225866.0,5230000,0.9797266323652507,0.9746128577085346
5236430.0,5240000,0.9797266323652507,0.9746226168204749
5246854.0,5250000,0.9797266323652507,0.9746323387548459
5257506.0,5260000,0.9797266323652507,0.9746420237236869
5268578.0,5270000,0.9797266323652507,0.974651671937428
5279485.0,5280000,0.9797266323652507,0.9746612836049048
5290185.0,5290000,0.9797266323652507,0.9746708589333742
5300699.0,5300000,0.9797266323652507,0.9746803981285286
5311098.0,5310000,0.9797266323652507,0.9746899013945111
5321752.0,5320000,0.9797266323652507,0.9746993689339297
5332365.0,5330000,0.9797266323652507,0.974708800947872
5342890.0,5340000,0.9797266323652507,0.9747181976359195
5353721.0,5350000,0.9797266323652507,0.9747275591961612
5364546.0,5360000,0.9797266323652507,0.9747368858252079
5375410.0,5370000,0.9797266323652507,0.974746177718206
5386179.0,5380000,0.9797266323652507,0.9747554350688511
5396831.0,5390000,0.9797266323652507,0.9747646580694009
5407896.0,5400000,0.9797266323652507,0.9747738469106895
5418695.0,5410000,0.9797266323652507,0.9747830017821396
5429462.0,5420000,0.9797266323652507,0.9747921228717763
5440142.0,5430000,0.9797266323652507,0.9748012103662393
5450706.0,5440000,0.9797266323652507,0.9748102644507962
5461188.0,5450000,0.9797266323652507,0.9748192853093548
5471947.0,5460000,0.9797266323652507,0.9748282731244754
5482508.0,5470000,0.9797266323652507,0.9748372280773836
5493079.0,5480000,0.9797266323652507,0.9748461503479818
5503855.0,5490000,0.9797266323652507,0.974855040114862
5514544.0,5500000,0.9797266323652507,0.9748638975553172
5525357.0,5510000,0.9797266323652507,0.9748727228453533
5535985.0,5520000,0.9797266323652507,0.9748815161597009
5546676.0,5530000,0.9797266323652507,0.9748902776718266
5557517.0,5540000,0.9797266323652507,0.9748990075539445
5568502.0,5550000,0.9797266323652507,0.9749077059770279
5578827.0,5560000,0.9797266323652507,0.9749163731108197
5589465.0,5570000,0.9797266323652507,0.9749250091238437
5600145.0,5580000,0.9797266323652507,0.9749336141834161
5610950.0,5590000,0.9797266323652507,0.9749421884556554
5621573.0,5600000,0.9797266323652507,0.9749507321054939
5632252.0,5610000,0.9797266323652507,0.9749592452966876
5643420.0,5620000,0.9797266323652507,0.9749677281918274
5654112.0,5630000,0.9797266323652507,0.9749761809523485
5664899.0,5640000,0.9797266323652507,0.9749846037385416
5675482.0,5650000,0.9797266323652507,0.9749929967095622
5686257.0,5660000,0.9797266323652507,0.9750013600234415
5697444.0,5670000,0.9797266323652507,0.9750096938370953
5708059.0,5680000,0.9797266323652507,0.9750179983063351
5719035.0,5690000,0.9797266323652507,0.9750262735858761
5729712.0,5700000,0.9797266323652507,0.9750345198293486
5740525.0,5710000,0.9797266323652507,0.9750427371893063
5751442.0,5720000,0.9797266323652507,0.9750509258172363
5762299.0,5730000,0.9797266323652507,0.9750590858635678
5772938.0,5740000,0.9797266323652507,0.9750672174776822
5783475.0,5750000,0.9797266323652507,0.9750753208079214
5794551.0,5760000,0.9797266323652507,0.9750833960015972
5805148.0,5770000,0.9797266323652507,0.9750914432050004
5815756.0,5780000,0.9797266323652507,0.9750994625634091
5826439.0,5790000,0.9797266323652507,0.9751074542210978
5836939.0,5800000,0.9797266323652507,0.9751154183213463
5848057.0,5810000,0.9797266323652507,0.9751233550064476
5858673.0,5820000,0.9797266323652507,0.975131264417717
5869407.0,5830000,0.9797266323652507,0.9751391466955001
5880075.0,5840000,0.9797266323652507,0.975147001979181
5890635.0,5850000,0.9797266323652507,0.9751548304071913
5901226.0,5860000,0.9797266323652507,0.9751626321170174
5912073.0,5870000,0.9797266323652507,0.9751704072452084
5922574.0,5880000,0.9797266323652507,0.9751781559273853
5933226.0,5890000,0.9797266323652507,0.9751858782982475
5943825.0,5900000,0.9797266323652507,0.9751935744915814
5954491.0,5910000,0.9797266323652507,0.9752012446402677
5964997.0,5920000,0.9797266323652507,0.9752088888762895
5976009.0,5930000,0.9797266323652507,0.9752165073307397
5986763.0,5940000,0.9797266323652507,0.9752241001338281
5997535.0,5950000,0.9797266323652507,0.9752316674148892
6008405.0,5960000,0.9797266323652507,0.9752392093023897
6019185.0,5970000,0.9797266323652507,0.9752467259239355
6029904.0,5980000,0.9797266323652507,0.9752542174062788
6040696.0,5990000,0.9797266323652507,0.9752616838753254
6051433.0,6000000,0.9797266323652507,0.9752691254561419
6062053.0,6010000,0.9797266323652507,0.9752765422729623
6072760.0,6020000,0.9797266323652507,0.9752839344491953
6083260.0,6030000,0.9797266323652507,0.9752913021074309
6093896.0,6040000,0.9797266323652507,0.975298645369447
6104604.0,6050000,0.9797266323652507,0.9753059643562169
6115432.0,6060000,0.9797266323652507,0.9753132591879149
6126189.0,6070000,0.9797266323652507,0.9753205299839236
6136961.0,6080000,0.9797266323652507,0.9753277768628402
6147459.0,6090000,0.9797266323652507,0.9753349999424828
6158099.0,6100000,0.9797266323652507,0.9753421993398972
6168703.0,6110000,0.9797266323652507,0.9753493751713626
6179308.0,6120000,0.9797266323652507,0.9753565275523982
6190046.0,6130000,0.9797266323652507,0.9753636565977698
6200511.0,6140000,0.9797266323652507,0.9753707624214953
6211166.0,6150000,0.9797266323652507,0.975377845136851
6221872.0,6160000,0.9797266323652507,0.9753849048563775
6232472.0,6170000,0.9797266323652507,0.9753919416918861
6243438.0,6180000,0.9797266323652507,0.9753989557544643
6253920.0,6190000,0.9797266323652507,0.9754059471544817
6264619.0,6200000,0.9797266323652507,0.9754129160015959
6275148.0,6210000,0.9797266323652507,0.9754198624047579
6285926.0,6220000,0.9797266323652507,0.9754267864722184
6296489.0,6230000,0.9797266323652507,0.975433688311533
6307155.0,6240000,0.9797266323652507,0.9754405680295678
6317740.0,6250000,0.9797266323652507,0.9754474257325048
6328298.0,6260000,0.9797266323652507,0.9754542615258478
6339053.0,6270000,0.9797266323652507,0.9754610755144273
6349678.0,6280000,0.9797266323652507,0.9754678678024062
6360384.0,6290000,0.9797266323652507,0.9754746384932851
6371058.0,6300000,0.9797266323652507,0.9754813876899072
6381687.0,6310000,0.9797266323652507,0.975488115494464
6392351.0,6320000,0.9797266323652507,0.9754948220085
6402807.0,6330000,0.9797266323652507,0.9755015073329182
6413534.0,6340000,0.9797266323652507,0.9755081715679849
6424142.0,6350000,0.9797266323652507,0.9755148148133348
6434682.0,6360000,0.9797266323652507,0.9755214371679761
6445644.0,6370000,0.9797266323652507,0.9755280387302953
6456441.0,6380000,0.9797266323652507,0.9755346195980615
6467117.0,6390000,0.9797266323652507,0.9755411798684327
6477708.0,6400000,0.9797266323652507,0.9755477196379589
6488210.0,6410000,0.9797266323652507,0.975554239002588
6498631.0,6420000,0.9797266323652507,0.97556073805767
6509311.0,6430000,0.9797266323652507,0.9755672168979617
6520120.0,6440000,0.9797266323652507,0.9755736756176313
6530958.0,6450000,0.9797266323652507,0.9755801143102631
6541580.0,6460000,0.9797266323652507,0.9755865330688622
6552519.0,6470000,0.9797266323652507,0.9755929319858581
6563181.0,6480000,0.9797266323652507,0.9755993111531102
6573868.0,6490000,0.9797266323652507,0.9756056706619116
6584508.0,6500000,0.9797266323652507,0.9756120106029936
6595250.0,6510000,0.9797266323652507,0.9756183310665301
6606364.0,6520000,0.9797266323652507,0.9756246321421415
6617536.0,6530000,0.9797266323652507,0.9756309139188997
6627944.0,6540000,0.9797266323652507,0.9756371764853313
6638854.0,6550000,0.9797266323652507,0.9756434199294227
6649508.0,6560000,0.9797266323652507,0.9756496443386237
6659930.0,6570000,0.9797266323652507,0.9756558497998513
6670979.0,6580000,0.9797266323652507,0.9756620363994948
6681763.0,6590000,0.9797266323652507,0.9756682042234185
6692398.0,6600000,0.9797266323652507,0.9756743533569666
6703314.0,6610000,0.9797266323652507,0.975680483884967
6713817.0,6620000,0.9797266323652507,0.9756865958917348
6725054.0,6630000,0.9797266323652507,0.9756926894610763
6735866.0,6640000,0.9797266323652507,0.9756987646762935
6746445.0,6650000,0.9797266323652507,0.9757048216201866
6757114.0,6660000,0.9797266323652507,0.9757108603750589
6767750.0,6670000,0.9797266323652507,0.9757168810227204
6778730.0,6680000,0.9797266323652507,0.9757228836444906
6789530.0,6690000,0.9797266323652507,0.9757288683212031
6800247.0,6700000,0.9797266323652507,0.9757348351332091
6810819.0,6710000,0.9797266323652507,0.9757407841603805
6821597.0,6720000,0.9797266323652507,0.9757467154821139
6832247.0,6730000,0.9797266323652507,0.975752629177334
6843000.0,6740000,0.9797266323652507,0.975758525324497
6853699.0,6750000,0.9797266323652507,0.9757644040015944
6864411.0,6760000,0.9797266323652507,0.975770265286156
6875163.0,6770000,0.9797266323652507,0.9757761092552535
6885826.0,6780000,0.9797266323652507,0.9757819359855041
6896457.0,6790000,0.9797266323652507,0.9757877455530737
6907129.0,6800000,0.9797266323652507,0.9757935380336797
6917774.0,6810000,0.9797266323652507,0.9757993135025954
6928678.0,6820000,0.9797266323652507,0.975805072034652
6939511.0,6830000,0.9797266323652507,0.9758108137042428
6950107.0,6840000,0.9797266323652507,0.9758165385853261
6960754.0,6850000,0.9797266323652507,0.9758222467514283
6971414.0,6860000,0.9797266323652507,0.9758279382756465
6982041.0,6870000,0.9797266323652507,0.9758336132306532
6992676.0,6880000,0.9797266323652507,0.9758392716886977
7003373.0,6890000,0.9797266323652507,0.9758449137216099
7014104.0,6900000,0.9797266323652507,0.9758505394008035
7024862.0,6910000,0.9797266323652507,0.9758561487972788
7035579.0,6920000,0.9797266323652507,0.9758617419816255
7046191.0,6930000,0.9797266323652507,0.975867319024026
7057072.0,6940000,0.9797266323652507,0.9758728799942583
7067842.0,6950000,0.9797266323652507,0.9758784249616985
7078349.0,6960000,0.9797266323652507,0.9758839539953242
7089062.0,6970000,0.9797266323652507,0.9758894671637172
7099774.0,6980000,0.9797266323652507,0.9758949645350661
7110726.0,6990000,0.9797266323652507,0.9759004461771693
7121513.0,7000000,0.9797266323652507,0.9759059121574379
7132006.0,7010000,0.9797266323652507,0.9759113625428983
7142525.0,7020000,0.9797266323652507,0.9759167974001951
7153229.0,7030000,0.9797266323652507,0.9759222167955934
7164007.0,7040000,0.9797266323652507,0.9759276207949821
7174948.0,7050000,0.9797266323652507,0.9759330094638761
7185625.0,7060000,0.9797266323652507,0.975938382867419
7196578.0,7070000,0.9797266323652507,0.9759437410703862
7207187.0,7080000,0.9797266323652507,0.9759490841371867
7218088.0,7090000,0.9797266323652507,0.9759544121318666
7228716.0,7100000,0.9797266323652507,0.9759597251181108
7239629.0,7110000,0.9797266323652507,0.9759650231592459
7250343.0,7120000,0.9797266323652507,0.9759703063182431
7260840.0,7130000,0.9797266323652507,0.9759755746577199
7272033.0,7140000,0.9797266323652507,0.9759808282399433
7282475.0,7150000,0.9797266323652507,0.9759860671268318
7293276.0,7160000,0.9797266323652507,0.975991291379958
7304016.0,7170000,0.9797266323652507,0.9759965010605511
7315183.0,7180000,0.9797266323652507,0.9760016962294992
7326305.0,7190000,0.9797266323652507,0.9760068769473513
7336881.0,7200000,0.9797266323652507,0.9760120432743206
7347613.0,7210000,0.9797266323652507,0.9760171952702857
7358424.0,7220000,0.9797266323652507,0.9760223329947939
7368986.0,7230000,0.9797266323652507,0.9760274565070629
7379707.0,7240000,0.9797266323652507,0.976032565865983
7390682.0,7250000,0.9797266323652507,0.9760376611301198
7401406.0,7260000,0.9797266323652507,0.9760427423577164
7412270.0,7270000,0.9797266323652507,0.976047809606695
7423241.0,7280000,0.9797266323652507,0.9760528629346601
7434057.0,7290000,0.9797266323652507,0.9760579023988994
7444899.0,7300000,0.9797266323652507,0.9760629280563876
7455471.0,7310000,0.9797266323652507,0.9760679399637868
7466192.0,7320000,0.9797266323652507,0.97607293817745
7476829.0,7330000,0.9797266323652507,0.9760779227534223
7487723.0,7340000,0.9797266323652507,0.9760828937474438
7498137.0,7350000,0.9797266323652507,0.976087851214951
7508944.0,7360000,0.9797266323652507,0.9760927952110791
7519608.0,7370000,0.9797266323652507,0.9760977257906641
7530363.0,7380000,0.9797266323652507,0.9761026430082448
7540839.0,7390000,0.9797266323652507,0.9761075469180648
7551510.0,7400000,0.9797266323652507,0.9761124375740744
7562145.0,7410000,0.9797266323652507,0.9761173150299329
7572775.0,7420000,0.9797266323652507,0.9761221793390101
7583304.0,7430000,0.9797266323652507,0.9761270305543885
7593835.0,7440000,0.9797266323652507,0.9761318687288655
7604604.0,7450000,0.9797266323652507,0.9761366939149546
7615226.0,7460000,0.9797266323652507,0.9761415061648879
7626212.0,7470000,0.9797266323652507,0.9761463055306179
7636884.0,7480000,0.9797266323652507,0.9761510920638192
7647890.0,7490000,0.9797266323652507,0.9761558658158905
7658601.0,7500000,0.9797266323652507,0.9761606268379562
7669156.0,7510000,0.9797266323652507,0.9761653751808688
7680190.0,7520000,0.9797266323652507,0.9761701108952097
7690998.0,7530000,0.9797266323652507,0.976174834031292
7701699.0,7540000,0.9797266323652507,0.9761795446391619
7712590.0,7550000,0.9797266323652507,0.9761842427686004
7723103.0,7560000,0.9797266323652507,0.976188928469125
7734159.0,7570000,0.9797266323652507,0.9761936017899917
7744685.0,7580000,0.9797266323652507,0.9761982627801965
7755855.0,7590000,0.9797266323652507,0.9762029114884772
7766570.0,7600000,0.9797266323652507,0.976207547963315
7777401.0,7610000,0.9797266323652507,0.9762121722529363
7788244.0,7620000,0.9797266323652507,0.9762167844053147
7799237.0,7630000,0.9797266323652507,0.9762213844681716
7809714.0,7640000,0.9797266323652507,0.9762259724889794
7820329.0,7650000,0.9797266323652507,0.9762305485149614
7830998.0,7660000,0.9797266323652507,0.9762351125930948
7841576.0,7670000,0.9797266323652507,0.9762396647701119
7852390.0,7680000,0.9797266323652507,0.9762442050925014
7863722.0,7690000,0.9797266323652507,0.9762487336065101
7874576.0,7700000,0.9797266323652507,0.9762532503581448
7885490.0,7710000,0.9797266323652507,0.9762577553931734
7896051.0,7720000,0.9797266323652507,0.9762622487571269
7906575.0,7730000,0.9797266323652507,0.9762667304953003
7917546.0,7740000,0.9797266323652507,0.976271200652755
7928293.0,7750000,0.9797266323652507,0.9762756592743195
7938833.0,7760000,0.9797266323652507,0.9762801064045912
7949599.0,7770000,0.9797266323652507,0.9762845420879382
7960024.0,7780000,0.9797266323652507,0.9762889663685003
7970810.0,7790000,0.9797266323652507,0.9762933792901906
7981682.0,7800000,0.9797266323652507,0.9762977808966969
7992407.0,7810000,0.9797266323652507,0.9763021712314838
8003001.0,7820000,0.9797266323652507,0.9763065503377929
8013866.0,7830000,0.9797266323652507,0.9763109182586454
8024583.0,7840000,0.9818038151296512,0.9763179245046543
8035351.0,7850000,0.9818038151296512,0.9763249129003548
8046166.0,7860000,0.9818038151296512,0.9763318835138781
8056860.0,7870000,0.9818038151296512,0.9763388364130087
8067710.0,7880000,0.9818038151296512,0.9763457716651871
8078750.0,7890000,0.9818038151296512,0.9763526893375122
8089504.0,7900000,0.9818038151296512,0.9763595894967427
8100140.0,7910000,0.9818038151296512,0.9763664722093001
8110967.0,7920000,0.9818038151296512,0.9763733375412702
8121784.0,7930000,0.9818038151296512,0.9763801855584057
8132257.0,7940000,0.9818038151296512,0.9763870163261276
8143129.0,7950000,0.9818038151296512,0.9763938299095282
8153764.0,7960000,0.9818038151296512,0.9764006263733725
8164647.0,7970000,0.9818038151296512,0.9764074057821006
8175455.0,7980000,0.9818038151296512,0.9764141681998294
8186073.0,7990000,0.9818038151296512,0.9764209136903548
8196780.0,8000000,0.9818038151296512,0.9764276423171538
8207841.0,8010000,0.9818038151296512,0.9764343541433868
8218559.0,8020000,0.9818038151296512,0.9764410492318982
8229378.0,8030000,0.9818038151296512,0.9764477276452205
8240263.0,8040000,0.9818038151296512,0.9764543894455742
8251680.0,8050000,0.9818038151296512,0.9764610346948712
8262507.0,8060000,0.9818038151296512,0.9764676634547158
8273424.0,8070000,0.9818038151296512,0.9764742757864072
8284192.0,8080000,0.9818038151296512,0.9764808717509409
8294893.0,8090000,0.9818038151296512,0.9764874514090109
8305768.0,8100000,0.9818038151296512,0.9764940148210117
8316657.0,8110000,0.9818038151296512,0.9765005620470396
8327363.0,8120000,0.9818038151296512,0.976507093146895
8338124.0,8130000,0.9818038151296512,0.9765136081800841
8349048.0,8140000,0.9818038151296512,0.9765201072058207
8359515.0,8150000,0.9818038151296512,0.9765265902830278
8370366.0,8160000,0.9818038151296512,0.9765330574703398
8381059.0,8170000,0.9818038151296512,0.976539508826104
8391922.0,8180000,0.9818038151296512,0.9765459444083822
8402843.0,8190000,0.9818038151296512,0.9765523642749526
8413597.0,8200000,0.9818038151296512,0.976558768483312
8424207.0,8210000,0.9818038151296512,0.9765651570906766
8434783.0,8220000,0.9818038151296512,0.9765715301539843
8445271.0,8230000,0.9818038151296512,0.9765778877298965
8456328.0,8240000,0.9818038151296512,0.9765842298747991
8467244.0,8250000,0.9818038151296512,0.9765905566448049
8477973.0,8260000,0.9818038151296512,0.9765968680957551
8489029.0,8270000,0.9818038151296512,0.9766031642832205
8500332.0,8280000,0.9818038151296512,0.9766094452625036
8511213.0,8290000,0.9818038151296512,0.9766157110886401
8521864.0,8300000,0.9818038151296512,0.9766219618164003
8532603.0,8310000,0.9818038151296512,0.9766281975002911
8543997.0,8320000,0.9818038151296512,0.9766344181945571
8555261.0,8330000,0.9818038151296512,0.9766406239531826
8566211.0,8340000,0.9818038151296512,0.976646814829893
8577085.0,8350000,0.9818038151296512,0.9766529908781563
8587728.0,8360000,0.9818038151296512,0.9766591521511843
8598814.0,8370000,0.9818038151296512,0.9766652987019352
8609698.0,8380000,0.9818038151296512,0.9766714305831138
8620643.0,8390000,0.9818038151296512,0.976677547847174
8631692.0,8400000,0.9818038151296512,0.9766836505463198
8642683.0,8410000,0.9818038151296512,0.9766897387325069
8653682.0,8420000,0.9818038151296512,0.9766958124574441
8664713.0,8430000,0.9818038151296512,0.9767018717725949
8675486.0,8440000,0.9818038151296512,0.9767079167291791
8686281.0,8450000,0.9818038151296512,0.9767139473781737
8697224.0,8460000,0.9818038151296512,0.976719963770315
8708153.0,8470000,0.9818038151296512,0.9767259659560993
8719112.0,8480000,0.9818038151296512,0.976731953985785
8730109.0,8490000,0.9818038151296512,0.9767379279093938
8741234.0,8500000,0.9818038151296512,0.9767438877767117
8751970.0,8510000,0.9818038151296512,0.976749833637291
8762861.0,8520000,0.9818038151296512,0.9767557655404511
8773810.0,8530000,0.9818038151296512,0.9767616835352801
8784776.0,8540000,0.9818038151296512,0.9767675876706364
8795803.0,8550000,0.9818038151296512,0.9767734779951499
8806719.0,8560000,0.9818038151296512,0.976779354557223
8818113.0,8570000,0.9818038151296512,0.9767852174050321
8829153.0,8580000,0.9818038151296512,0.9767910665865293
8839911.0,8590000,0.9818038151296512,0.9767969021494433
8850999.0,8600000,0.9818038151296512,0.9768027241412807
8862061.0,8610000,0.9818038151296512,0.9768085326093275
8873022.0,8620000,0.9818038151296512,0.9768143276006505
8884038.0,8630000,0.9818038151296512,0.9768201091620977
8894991.0,8640000,0.9818038151296512,0.9768258773403008
8906049.0,8650000,0.9818038151296512,0.9768316321816758
8917047.0,8660000,0.9818038151296512,0.9768373737324241
8928183.0,8670000,0.9818038151296512,0.9768431020385339
8938813.0,8680000,0.9818038151296512,0.9768488171457816
8949904.0,8690000,0.9818038151296512,0.9768545190997332
8960755.0,8700000,0.9818038151296512,0.9768602079457446
8971591.0,8710000,0.9818038151296512,0.9768658837289638
8982410.0,8720000,0.9818038151296512,0.9768715464943315
8993568.0,8730000,0.9818038151296512,0.9768771962865826
9004467.0,8740000,0.9818038151296512,0.9768828331502475
9015294.0,8750000,0.9818038151296512,0.9768884571296526
9025842.0,8760000,0.9818038151296512,0.9768940682689219
9036964.0,8770000,0.9818038151296512,0.9768996666119786
9048143.0,8780000,0.9818038151296512,0.9769052522025454
9059103.0,8790000,0.9818038151296512,0.9769108250841462
9070118.0,8800000,0.9818038151296512,0.9769163853001069
9081085.0,8810000,0.9818038151296512,0.9769219328935571
9092247.0,8820000,0.9818038151296512,0.9769274679074301
9103357.0,8830000,0.9818038151296512,0.9769329903844656
9114146.0,8840000,0.9818038151296512,0.976938500367209
9125297.0,8850000,0.9818038151296512,0.9769439978980139
9136559.0,8860000,0.9818038151296512,0.9769494830190428
9147622.0,8870000,0.9818038151296512,0.9769549557722679
9158622.0,8880000,0.9818038151296512,0.9769604161994722
9169244.0,8890000,0.9818038151296512,0.9769658643422507
9180350.0,8900000,0.9818038151296512,0.9769713002420118
9191337.0,8910000,0.9818038151296512,0.9769767239399777
9202422.0,8920000,0.9818038151296512,0.9769821354771858
9213623.0,8930000,0.9818038151296512,0.9769875348944899
9224638.0,8940000,0.9818038151296512,0.9769929222325605
9235690.0,8950000,0.9818038151296512,0.9769982975318868
9246744.0,8960000,0.9818038151296512,0.9770036608327771
9257669.0,8970000,0.9818038151296512,0.9770090121753601
9268560.0,8980000,0.9818038151296512,0.9770143515995853
9279496.0,8990000,0.9818038151296512,0.977019679145225
9290372.0,9000000,0.9818038151296512,0.9770249948518743
9301460.0,9010000,0.9818038151296512,0.9770302987589529
9312403.0,9020000,0.9818038151296512,0.9770355909057052
9323246.0,9030000,0.9818038151296512,0.9770408713312024
9334151.0,9040000,0.9818038151296512,0.9770461400743423
9345481.0,9050000,0.9818038151296512,0.9770513971738509
9356487.0,9060000,0.9818038151296512,0.9770566426682834
9367510.0,9070000,0.9818038151296512,0.9770618765960246
9378521.0,9080000,0.9818038151296512,0.9770670989952908
9389293.0,9090000,0.9818038151296512,0.9770723099041294
9400411.0,9100000,0.9818038151296512,0.9770775093604211
9411538.0,9110000,0.9818038151296512,0.9770826974018803
9422625.0,9120000,0.9818038151296512,0.9770878740660555
9433286.0,9130000,0.9818038151296512,0.977093039390331
9444387.0,9140000,0.9818038151296512,0.9770981934119276
9455452.0,9150000,0.9818038151296512,0.9771033361679032
9466348.0,9160000,0.9818038151296512,0.977108467695154
9477401.0,9170000,0.9818038151296512,0.9771135880304151
9488261.0,9180000,0.9818038151296512,0.9771186972102619
9499136.0,9190000,0.9818038151296512,0.9771237952711099
9509977.0,9200000,0.9818038151296512,0.977128882249217
9521159.0,9210000,0.9818038151296512,0.9771339581806833
9532260.0,9220000,0.9818038151296512,0.9771390231014522
9543392.0,9230000,0.9818038151296512,0.9771440770473115
9554335.0,9240000,0.9818038151296512,0.9771491200538942
9565161.0,9250000,0.9818038151296512,0.9771541521566788
9576526.0,9260000,0.9818038151296512,0.9771591733909908
9587320.0,9270000,0.9818038151296512,0.9771641837920033
9598325.0,9280000,0.9818038151296512,0.9771691833947379
9609228.0,9290000,0.9818038151296512,0.977174172234065
9620114.0,9300000,0.9818038151296512,0.9771791503447054
9631101.0,9310000,0.9818038151296512,0.9771841177612306
9642000.0,9320000,0.9818038151296512,0.9771890745180636
9653068.0,9330000,0.9818038151296512,0.9771940206494801
9663867.0,9340000,0.9818038151296512,0.9771989561896087
9674691.0,9350000,0.9818038151296512,0.9772038811724323
9685612.0,9360000,0.9818038151296512,0.9772087956317883
9696637.0,9370000,0.9818038151296512,0.9772136996013698
9707279.0,9380000,0.9818038151296512,0.9772185931147261
9718515.0,9390000,0.9818038151296512,0.9772234762052638
9729565.0,9400000,0.9818038151296512,0.9772283489062472
9740428.0,9410000,0.9818038151296512,0.9772332112507992
9751356.0,9420000,0.9818038151296512,0.977238063271902
9762408.0,9430000,0.9818038151296512,0.977242905002398
9773169.0,9440000,0.9818038151296512,0.9772477364749904
9784400.0,9450000,0.9818038151296512,0.9772525577222441
9795153.0,9460000,0.9818038151296512,0.9772573687765859
9806215.0,9470000,0.9818038151296512,0.9772621696703061
9817405.0,9480000,0.9818038151296512,0.9772669604355586
9828268.0,9490000,0.9818038151296512,0.9772717411043615
9839369.0,9500000,0.9818038151296512,0.9772765117085987
9850112.0,9510000,0.9818038151296512,0.9772812722800194
9860973.0,9520000,0.9818038151296512,0.9772860228502396
9872116.0,9530000,0.9818038151296512,0.9772907634507426
9883263.0,9540000,0.9818038151296512,0.9772954941128799
9894422.0,9550000,0.9818038151296512,0.9773002148678712
9905095.0,9560000,0.9818038151296512,0.977304925746806
9916084.0,9570000,0.9818038151296512,0.9773096267806439
9926989.0,9580000,0.9818038151296512,0.977314318000215
9937942.0,9590000,0.9818038151296512,0.9773189994362206
9948886.0,9600000,0.9818038151296512,0.9773236711192346
9960130.0,9610000,0.9818038151296512,0.9773283330797032
9971035.0,9620000,0.9818038151296512,0.9773329853479464
9982072.0,9630000,0.9818038151296512,0.9773376279541579
9993129.0,9640000,0.9818038151296512,0.9773422609284064
1.0004148E7,9650000,0.9818038151296512,0.9773468843006355
1.0014972E7,9660000,0.9818038151296512,0.9773514981006656
1.002575E7,9670000,0.9818038151296512,0.977356102358193
1.0036648E7,9680000,0.9818038151296512,0.9773606971027916
1.0047753E7,9690000,0.9818038151296512,0.9773652823639132
1.0059201E7,9700000,0.9818038151296512,0.9773698581708882
1.0070442E7,9710000,0.9818038151296512,0.977374424552926
1.0081283E7,9720000,0.9818038151296512,0.9773789815391161
1.0092287E7,9730000,0.9818038151296512,0.977383529158428
1.0103576E7,9740000,0.9818038151296512,0.9773880674397126
1.011442E7,9750000,0.9818038151296512,0.9773925964117023
1.0125447E7,9760000,0.9818038151296512,0.9773971161030116
1.0136173E7,9770000,0.9818038151296512,0.9774016265421381
1.0147235E7,9780000,0.9818038151296512,0.9774061277574628
1.0158158E7,9790000,0.9818038151296512,0.9774106197772505
1.01689E7,9800000,0.9818038151296512,0.9774151026296509
1.0179822E7,9810000,0.9818038151296512,0.9774195763426988
1.0191027E7,9820000,0.9818038151296512,0.9774240409443149
1.0201998E7,9830000,0.9818038151296512,0.977428496462306
1.0212901E7,9840000,0.9818038151296512,0.9774329429243663
1.0223676E7,9850000,0.9818038151296512,0.9774373803580773
1.0234434E7,9860000,0.9818038151296512,0.9774418087909085
1.0245881E7,9870000,0.9818038151296512,0.9774462282502182
1.0257011E7,9880000,0.9818038151296512,0.9774506387632541
1.0267907E7,9890000,0.9818038151296512,0.9774550403571534
1.0278827E7,9900000,0.9818038151296512,0.9774594330589438
1.0289978E7,9910000,0.9818038151296512,0.9774638168955438
1.0300892E7,9920000,0.9818038151296512,0.9774681918937637
1.0311973E7,9930000,0.9818038151296512,0.9774725580803053
1.0323204E7,9940000,0.9818038151296512,0.9774769154817634
1.0334131E7,9950000,0.9818038151296512,0.9774812641246257
1.0345209E7,9960000,0.9818038151296512,0.9774856040352732
1.0356184E7,9970000,0.9818038151296512,0.9774899352399817
1.0367238E7,9980000,0.9818038151296512,0.9774942577649213
1.0378415E7,9990000,0.9818038151296512,0.9774985716361572
1.0389497E7,10000000,0.9818038151296512,0.9775028768796507
1.0400294E7,10010000,0.9818038151296512,0.977507173521259
1.0411517E7,10020000,0.9818038151296512,0.9775114615867365
1.0422485E7,10030000,0.9818038151296512,0.9775157411017343
1.0433288E7,10040000,0.9818038151296512,0.9775200120918021
1.0444086E7,10050000,0.9818038151296512,0.9775242745823869
1.0455106E7,10060000,0.9818038151296512,0.9775285285988354
1.0466168E7,10070000,0.9818038151296512,0.9775327741663934
1.047727E7,10080000,0.9818038151296512,0.9775370113102061
1.0488253E7,10090000,0.9818038151296512,0.9775412400553195
1.0498988E7,10100000,0.9818038151296512,0.9775454604266802
1.0509941E7,10110000,0.9818038151296512,0.9775496724491362
1.0520712E7,10120000,0.9818038151296512,0.977553876147437
1.053151E7,10130000,0.9818038151296512,0.9775580715462349
1.0542374E7,10140000,0.9818038151296512,0.9775622586700844
1.0553454E7,10150000,0.9818038151296512,0.9775664375434436
1.0564591E7,10160000,0.9818038151296512,0.9775706081906741
1.0575705E7,10170000,0.9818038151296512,0.9775747706360418
1.0586656E7,10180000,0.9818038151296512,0.9775789249037172
1.0597781E7,10190000,0.9818038151296512,0.9775830710177761
1.0608787E7,10200000,0.9818038151296512,0.9775872090021994
1.0619629E7,10210000,0.9818038151296512,0.9775913388808747
1.0630657E7,10220000,0.9818038151296512,0.9775954606775956
1.064138E7,10230000,0.9818038151296512,0.9775995744160629
1.0652215E7,10240000,0.9818038151296512,0.9776036801198847
1.0663382E7,10250000,0.9818038151296512,0.9776077778125772
1.0674566E7,10260000,0.9818038151296512,0.9776118675175646
1.0685714E7,10270000,0.9818038151296512,0.9776159492581801
1.0696591E7,10280000,0.9818038151296512,0.9776200230576659
1.0707418E7,10290000,0.9818038151296512,0.9776240889391741
1.0718503E7,10300000,0.9818038151296512,0.9776281469257668
1.0729425E7,10310000,0.9818038151296512,0.9776321970404165
1.0740463E7,10320000,0.9818038151296512,0.9776362393060068
1.0751375E7,10330000,0.9818038151296512,0.9776402737453327
1.0762564E7,10340000,0.9818038151296512,0.977644300381101
1.0773557E7,10350000,0.9818038151296512,0.9776483192359304
1.0784633E7,10360000,0.9818038151296512,0.9776523303323529
1.0795549E7,10370000,0.9818038151296512,0.9776563336928131
1.0806587E7,10380000,0.9818038151296512,0.9776603293396695
1.0817535E7,10390000,0.9818038151296512,0.977664317295194
1.0828384E7,10400000,0.9818038151296512,0.9776682975815733
1.0839381E7,10410000,0.9818038151296512,0.9776722702209085
1.0850134E7,10420000,0.9818038151296512,0.9776762352352164
1.0861026E7,10430000,0.9818038151296512,0.9776801926464287
1.0871882E7,10440000,0.9818038151296512,0.9776841424763935
1.0882777E7,10450000,0.9818038151296512,0.977688084746875
1.089372E7,10460000,0.9818038151296512,0.9776920194795545
1.0904719E7,10470000,0.9818038151296512,0.9776959466960302
1.0915484E7,10480000,0.9818038151296512,0.9776998664178181
1.0926751E7,10490000,0.9818038151296512,0.9777037786663519
1.0937712E7,10500000,0.9818038151296512,0.9777076834629838
1.0948535E7,10510000,0.9818038151296512,0.9777115808289845
1.0959503E7,10520000,0.9818038151296512,0.9777154707855441
1.0970565E7,10530000,0.9818038151296512,0.9777193533537722
1.0981574E7,10540000,0.9818038151296512,0.9777232285546982
1.0992443E7,10550000,0.9818038151296512,0.9777270964092717
1.1003241E7,10560000,0.9818038151296512,0.9777309569383631
1.1014303E7,10570000,0.9818038151296512,0.9777348101627636
1.1025481E7,10580000,0.9818038151296512,0.9777386561031861
1.1036591E7,10590000,0.9818038151296512,0.977742494780265
1.104762E7,10600000,0.9818038151296512,0.977746326214557
1.1058842E7,10610000,0.9818038151296512,0.9777501504265411
1.1069847E7,10620000,0.9818038151296512,0.9777539674366195
1.1080576E7,10630000,0.9818038151296512,0.9777577772651173
1.1091541E7,10640000,0.9818038151296512,0.9777615799322833
1.1102165E7,10650000,0.9818038151296512,0.9777653754582903
1.1113132E7,10660000,0.9818038151296512,0.9777691638632354
1.1123966E7,10670000,0.9818038151296512,0.9777729451671403
1.1135322E7,10680000,0.9818038151296512,0.9777767193899517
1.1146566E7,10690000,0.9818038151296512,0.9777804865515418
1.1157376E7,10700000,0.9818038151296512,0.9777842466717084
1.1168591E7,10710000,0.9818038151296512,0.9777879997701753
1.1179394E7,10720000,0.9818038151296512,0.9777917458665928
1.1190177E7,10730000,0.9818038151296512,0.9777954849805379
1.1201072E7,10740000,0.9818038151296512,0.9777992171315149
1.1211965E7,10750000,0.9818038151296512,0.977802942338955
1.122287E7,10760000,0.9818038151296512,0.9778066606222179
1.1233642E7,10770000,0.9818038151296512,0.9778103720005907
1.1244787E7,10780000,0.9818038151296512,0.9778140764932893
1.1256521E7,10790000,0.9818038151296512,0.9778177741194585
1.1267675E7,10800000,0.9818038151296512,0.9778214648981717
1.1278707E7,10810000,0.9818038151296512,0.9778251488484322
1.1289921E7,10820000,0.9818038151296512,0.9778288259891728
1.1300784E7,10830000,0.9818038151296512,0.9778324963392564
1.1311636E7,10840000,0.9818038151296512,0.9778361599174764
1.1322728E7,10850000,0.9818038151296512,0.9778398167425568
1.1333751E7,10860000,0.9818038151296512,0.9778434668331528
1.1344518E7,10870000,0.9818038151296512,0.9778471102078506
1.1355554E7,10880000,0.9818038151296512,0.9778507468851686
1.1366402E7,10890000,0.9818038151296512,0.9778543768835567
1.1377135E7,10900000,0.9818038151296512,0.9778580002213972
1.1388106E7,10910000,0.9818038151296512,0.9778616169170052
1.1399102E7,10920000,0.9818038151296512,0.9778652269886287
1.141012E7,10930000,0.9818038151296512,0.9778688304544485
1.1421063E7,10940000,0.9818038151296512,0.9778724273325795
1.1431797E7,10950000,0.9818038151296512,0.97787601764107
1.1443035E7,10960000,0.9818038151296512,0.9778796013979028
1.1454162E7,10970000,0.9818038151296512,0.9778831786209947
1.1465018E7,10980000,0.9818038151296512,0.9778867493281976
1.1476002E7,10990000,0.9818038151296512,0.9778903135372982
1.1486934E7,11000000,0.9818038151296512,0.9778938712660186
1.1498099E7,11010000,0.9818038151296512,0.9778974225320165
1.1509276E7,11020000,0.9818038151296512,0.9779009673528857
1.1520047E7,11030000,0.9818038151296512,0.9779045057461557
1.1530955E7,11040000,0.9818038151296512,0.977908037729293
1.1541855E7,11050000,0.9818038151296512,0.9779115633197006
1.155243E7,11060000,0.9818038151296512,0.9779150825347188
1.1563206E7,11070000,0.9818038151296512,0.9779185953916248
1.157415E7,11080000,0.9818038151296512,0.9779221019076341
1.1585355E7,11090000,0.9818038151296512,0.9779256020998992
1.1596557E7,11100000,0.9818038151296512,0.9779290959855117
1.160725E7,11110000,0.9818038151296512,0.9779325835815011
1.1618197E7,11120000,0.9818038151296512,0.9779360649048359
1.1628798E7,11130000,0.9818038151296512,0.9779395399724234
1.1640031E7,11140000,0.9818038151296512,0.9779430088011104
1.1650847E7,11150000,0.9818038151296512,0.9779464714076832
1.1661877E7,11160000,0.9818038151296512,0.9779499278088678
1.1672933E7,11170000,0.9818038151296512,0.9779533780213305
1.1683789E7,11180000,0.9818038151296512,0.977956822061678
1.1694936E7,11190000,0.9818038151296512,0.9779602599464573
1.170575E7,11200000,0.9818038151296512,0.9779636916921567
1.1716667E7,11210000,0.9818038151296512,0.9779671173152054
1.1727701E7,11220000,0.9818038151296512,0.9779705368319742
1.1738825E7,11230000,0.9818038151296512,0.9779739502587754
1.174961E7,11240000,0.9818038151296512,0.9779773576118634
1.1760709E7,11250000,0.9818038151296512,0.9779807589074349
1.1771787E7,11260000,0.9818038151296512,0.9779841541616288
1.1782614E7,11270000,0.9818038151296512,0.9779875433905268
1.17936E7,11280000,0.9818038151296512,0.9779909266101539
1.1804557E7,11290000,0.9818038151296512,0.9779943038364777
1.1815579E7,11300000,0.9818038151296512,0.9779976750854098
1.1826481E7,11310000,0.9818038151296512,0.9780010403728053
1.1837636E7,11320000,0.9818038151296512,0.9780043997144634
1.1848306E7,11330000,0.9818038151296512,0.9780077531261273
1.1859315E7,11340000,0.9818038151296512,0.9780111006234851
1.1870426E7,11350000,0.9818038151296512,0.9780144422221689
1.1881298E7,11360000,0.9818038151296512,0.9780177779377566
1.1892222E7,11370000,0.9818038151296512,0.9780211077857707
1.190331E7,11380000,0.9818038151296512,0.9780244317816793
1.1914059E7,11390000,0.9818038151296512,0.9780277499408963
1.1925125E7,11400000,0.9818038151296512,0.9780310622787811
1.1935985E7,11410000,0.9818038151296512,0.97803436881064
1.1946926E7,11420000,0.9818038151296512,0.9780376695517251
1.1957705E7,11430000,0.9818038151296512,0.9780409645172352
1.1968589E7,11440000,0.9818038151296512,0.9780442537223161
1.1979445E7,11450000,0.9818038151296512,0.9780475371820605
1.1990263E7,11460000,0.9818038151296512,0.9780508149115088
1.2001448E7,11470000,0.9818038151296512,0.9780540869256484
1.201277E7,11480000,0.9818038151296512,0.9780573532394151
1.2023761E7,11490000,0.9818038151296512,0.9780606138676922
1.2034699E7,11500000,0.9818038151296512,0.9780638688253114
1.2045393E7,11510000,0.9818038151296512,0.9780671181270528
1.2056218E7,11520000,0.9818038151296512,0.9780703617876454
1.2067107E7,11530000,0.9818038151296512,0.978073599821767
1.2078064E7,11540000,0.9818038151296512,0.9780768322440443
1.208899E7,11550000,0.9818038151296512,0.9780800590690535
1.2099983E7,11560000,0.9818038151296512,0.9780832803113205
1.2110991E7,11570000,0.9818038151296512,0.9780864959853209
1.2122163E7,11580000,0.9818038151296512,0.9780897061054802
1.2133108E7,11590000,0.9818038151296512,0.9780929106861741
1.2144012E7,11600000,0.9818038151296512,0.9780961097417289
1.2155181E7,11610000,0.9818038151296512,0.9780993032864215
1.2166397E7,11620000,0.9818038151296512,0.9781024913344794
1.2177631E7,11630000,0.9818038151296512,0.9781056739000815
1.2188582E7,11640000,0.9818038151296512,0.9781088509973579
1.219992E7,11650000,0.9818038151296512,0.97811202264039
1.2210959E7,11660000,0.9818038151296512,0.978115188843211
1.2221783E7,11670000,0.9818038151296512,0.9781183496198061
1.2232681E7,11680000,0.9818038151296512,0.9781215049841127
1.2243841E7,11690000,0.9818038151296512,0.97812465495002
1.2255113E7,11700000,0.9818038151296512,0.9781277995313702
1.226618E7,11710000,0.9818038151296512,0.978130938741958
1.227717E7,11720000,0.9818038151296512,0.9781340725955312
1.2288206E7,11730000,0.9818038151296512,0.9781372011057906
1.2299306E7,11740000,0.9818038151296512,0.9781403242863902
1.2310717E7,11750000,0.9818038151296512,0.9781434421509377
1.2321689E7,11760000,0.9818038151296512,0.9781465547129945
1.2332665E7,11770000,0.9818038151296512,0.9781496619860759
1.2343862E7,11780000,0.9818038151296512,0.9781527639836511
1.2354889E7,11790000,0.9818038151296512,0.9781558607191441
1.2365726E7,11800000,0.9818038151296512,0.9781589522059327
1.2376816E7,11810000,0.9818038151296512,0.97816203845735
1.2387721E7,11820000,0.9818038151296512,0.9781651194866837
1.239935E7,11830000,0.9818038151296512,0.9781681953071766
1.2410251E7,11840000,0.9818038151296512,0.9781712659320266
1.2421238E7,11850000,0.9818038151296512,0.9781743313743876
1.243236E7,11860000,0.9818038151296512,0.9781773916473685
1.2443373E7,11870000,0.9818038151296512,0.9781804467640344
1.2454265E7,11880000,0.9818038151296512,0.9781834967374062
1.2464997E7,11890000,0.9818038151296512,0.9781865415804611
1.2475762E7,11900000,0.9818038151296512,0.9781895813061329
1.248693E7,11910000,0.9818038151296512,0.9781926159273114
1.2497987E7,11920000,0.9818038151296512,0.9781956454568437
1.2509132E7,11930000,0.9818038151296512,0.9781986699075335
1.2520314E7,11940000,0.9818038151296512,0.9782016892921417
1.2531449E7,11950000,0.9818038151296512,0.9782047036233865
1.2542193E7,11960000,0.9818038151296512,0.9782077129139437
1.2553368E7,11970000,0.9818038151296512,0.9782107171764464
1.2564195E7,11980000,0.9818038151296512,0.9782137164234859
1.2575216E7,11990000,0.9818038151296512,0.9782167106676112
1.2586115E7,12000000,0.9818038151296512,0.9782196999213297
1.259685E7,12010000,0.9818038151296512,0.9782226841971069
1.260778E7,12020000,0.9818038151296512,0.978225663507367
1.2618553E7,12030000,0.9818038151296512,0.9782286378644929
1.2629702E7,12040000,0.9818038151296512,0.9782316072808261
1.2640624E7,12050000,0.9818038151296512,0.9782345717686676
1.2651769E7,12060000,0.9818038151296512,0.978237531340277
1.2662738E7,12070000,0.9818038151296512,0.9782404860078739
1.2673857E7,12080000,0.9818038151296512,0.9782434357836371
1.268466E7,12090000,0.9818038151296512,0.978246380679705
1.2695456E7,12100000,0.9818038151296512,0.9782493207081762
1.2706203E7,12110000,0.9818038151296512,0.9782522558811089
1.2716998E7,12120000,0.9818038151296512,0.978255186210522
1.2728076E7,12130000,0.9818038151296512,0.9782581117083944
1.2739179E7,12140000,0.9818038151296512,0.9782610323866657
1.2750094E7,12150000,0.9818038151296512,0.9782639482572362
1.2761048E7,12160000,0.9818038151296512,0.9782668593319668
1.2771971E7,12170000,0.9818038151296512,0.9782697656226799
1.2782898E7,12180000,0.9818038151296512,0.9782726671411586
1.2793791E7,12190000,0.9818038151296512,0.9782755638991476
1.2805072E7,12200000,0.9818038151296512,0.9782784559083529
1.2815869E7,12210000,0.9818038151296512,0.9782813431804426
1.2826996E7,12220000,0.9818038151296512,0.978284225727046
1.2838059E7,12230000,0.9818038151296512,0.9782871035597546
1.2848963E7,12240000,0.9818038151296512,0.9782899766901223
1.2859947E7,12250000,0.9818038151296512,0.9782928451296649
1.2871039E7,12260000,0.9818038151296512,0.9782957088898606
1.2881963E7,12270000,0.9818038151296512,0.9782985679821506
1.2893242E7,12280000,0.9818038151296512,0.9783014224179386
1.2904836E7,12290000,0.9818038151296512,0.9783042722085911
1.2915652E7,12300000,0.9818038151296512,0.9783071173654375
1.2926686E7,12310000,0.9818038151296512,0.9783099578997708
1.2937942E7,12320000,0.9818038151296512,0.9783127938228471
1.2949128E7,12330000,0.9818038151296512,0.978315625145886
1.2960345E7,12340000,0.9818038151296512,0.9783184518800706
1.2971249E7,12350000,0.9818038151296512,0.9783212740365481
1.2982295E7,12360000,0.9818038151296512,0.9783240916264293
1.2993445E7,12370000,0.9818038151296512,0.9783269046607893
1.3004733E7,12380000,0.9818038151296512,0.9783297131506673
1.3015608E7,12390000,0.9818038151296512,0.9783325171070669
1.3026855E7,12400000,0.9818038151296512,0.9783353165409562
1.3037839E7,12410000,0.9818038151296512,0.9783381114632679
1.3049055E7,12420000,0.9818038151296512,0.9783409018848995
1.3059967E7,12430000,0.9818038151296512,0.9783436878167135
1.3071162E7,12440000,0.9818038151296512,0.9783464692695375
1.3082194E7,12450000,0.9818038151296512,0.9783492462541642
1.3093043E7,12460000,0.9818038151296512,0.9783520187813517
1.310383E7,12470000,0.9818038151296512,0.9783547868618235
1.3114816E7,12480000,0.9818038151296512,0.9783575505062689
1.31256E7,12490000,0.9818038151296512,0.978360309725343
1.3136195E7,12500000,0.9818038151296512,0.9783630645296666
1.3147475E7,12510000,0.9818038151296512,0.9783658149298264
1.3158438E7,12520000,0.9818038151296512,0.9783685609363759
1.3169545E7,12530000,0.9818038151296512,0.9783713025598344
1.3180533E7,12540000,0.9818038151296512,0.9783740398106876
1.3191303E7,12550000,0.9818038151296512,0.978376772699388
1.3202264E7,12560000,0.9818038151296512,0.9783795012363549
1.3213214E7,12570000,0.9818038151296512,0.9783822254319741
1.3224302E7,12580000,0.9818038151296512,0.9783849452965987
1.3235225E7,12590000,0.9818038151296512,0.9783876608405488
1.3246227E7,12600000,0.9818038151296512,0.9783903720741117
1.3257289E7,12610000,0.9818038151296512,0.978393079007542
1.3268116E7,12620000,0.9818038151296512,0.978395781651062
1.3279215E7,12630000,0.9818038151296512,0.9783984800148614
1.3290001E7,12640000,0.9818038151296512,0.9784011741090979
1.3300737E7,12650000,0.9818038151296512,0.9784038639438968
1.3311754E7,12660000,0.9818038151296512,0.9784065495293517
1.3322748E7,12670000,0.9818038151296512,0.978409230875524
1.3333633E7,12680000,0.9818038151296512,0.9784119079924438
1.3344728E7,12690000,0.9818038151296512,0.9784145808901091
1.3355609E7,12700000,0.9818038151296512,0.9784172495784867
1.3366502E7,12710000,0.9818038151296512,0.9784199140675122
1.3377717E7,12720000,0.9818038151296512,0.9784225743670895
1.3388852E7,12730000,0.9818038151296512,0.9784252304870915
1.3399919E7,12740000,0.9818038151296512,0.9784278824373605
1.3411103E7,12750000,0.9818038151296512,0.9784305302277074
1.3422135E7,12760000,0.9818038151296512,0.9784331738679128
1.3432958E7,12770000,0.9818038151296512,0.9784358133677263
1.3443976E7,12780000,0.9818038151296512,0.9784384487368671
1.3455149E7,12790000,0.9818038151296512,0.9784410799850243
1.3466258E7,12800000,0.9818038151296512,0.978443707121856
1.347726E7,12810000,0.9818038151296512,0.978446330156991
1.3487867E7,12820000,0.9818038151296512,0.9784489491000274
1.3498518E7,12830000,0.9818038151296512,0.9784515639605339
1.3509496E7,12840000,0.9818038151296512,0.9784541747480489
1.3520565E7,12850000,0.9818038151296512,0.9784567814720814
1.353128E7,12860000,0.9818038151296512,0.9784593841421106
1.3542251E7,12870000,0.9818038151296512,0.9784619827675867
1.3553321E7,12880000,0.9818038151296512,0.9784645773579299
1.3564526E7,12890000,0.9818038151296512,0.9784671679225319
1.357586E7,12900000,0.9818038151296512,0.9784697544707545
1.3586836E7,12910000,0.9818038151296512,0.978472337011931
1.3597806E7,12920000,0.9818038151296512,0.9784749155553659
1.3608642E7,12930000,0.9818038151296512,0.9784774901103345
1.3619372E7,12940000,0.9818038151296512,0.9784800606860836
1.3630146E7,12950000,0.9818038151296512,0.9784826272918317
1.3640731E7,12960000,0.9818038151296512,0.9784851899367684
1.3651772E7,12970000,0.9818038151296512,0.9784877486300552
1.3662498E7,12980000,0.9818038151296512,0.9784903033808253
1.3673036E7,12990000,0.9818038151296512,0.978492854198184
1.3684151E7,13000000,0.9818038151296512,0.9784954010912083
1.3695182E7,13010000,0.9818038151296512,0.9784979440689474
1.3706024E7,13020000,0.9818038151296512,0.9785004831404226
1.3717163E7,13030000,0.9818038151296512,0.9785030183146278
1.3728053E7,13040000,0.9818038151296512,0.9785055496005289
1.3739107E7,13050000,0.9818038151296512,0.9785080770070648
1.3749851E7,13060000,0.9818038151296512,0.9785106005431464
1.376079E7,13070000,0.9818038151296512,0.978513120217658
1.3771612E7,13080000,0.9818038151296512,0.9785156360394562
1.3782689E7,13090000,0.9818038151296512,0.9785181480173709
1.3794044E7,13100000,0.9818038151296512,0.9785206561602048
1.3804935E7,13110000,0.9818038151296512,0.9785231604767338
1.3816066E7,13120000,0.9818038151296512,0.9785256609757071
1.3827178E7,13130000,0.9818038151296512,0.9785281576658473
1.3838009E7,13140000,0.9818038151296512,0.9785306505558503
1.3848743E7,13150000,0.9818038151296512,0.9785331396543856
1.3859676E7,13160000,0.9818038151296512,0.9785356249700964
1.3870308E7,13170000,0.9818038151296512,0.9785381065115994
1.3881132E7,13180000,0.9818038151296512,0.9785405842874858
1.3892191E7,13190000,0.9818038151296512,0.9785430583063199
1.3902978E7,13200000,0.9818038151296512,0.9785455285766408
1.3914049E7,13210000,0.9818038151296512,0.978547995106961
1.3925027E7,13220000,0.9818038151296512,0.978550457905768
1.393607E7,13230000,0.9818038151296512,0.9785529169815231
1.3946832E7,13240000,0.9818038151296512,0.9785553723426622
1.3957596E7,13250000,0.9818038151296512,0.9785578239975958
1.3968655E7,13260000,0.9818038151296512,0.9785602719547092
1.3979634E7,13270000,0.9818038151296512,0.9785627162223618
1.3990652E7,13280000,0.9818038151296512,0.9785651568088884
1.4001642E7,13290000,0.9818038151296512,0.9785675937225986
1.4012371E7,13300000,0.9818038151296512,0.978570026971777
1.4023526E7,13310000,0.9818038151296512,0.978572456564683
1.4034429E7,13320000,0.9818038151296512,0.9785748825095517
1.404582E7,13330000,0.9818038151296512,0.978577304814593
1.4057078E7,13340000,0.9818038151296512,0.9785797234879927
1.4068131E7,13350000,0.9818038151296512,0.9785821385379116
1.4078805E7,13360000,0.9818038151296512,0.9785845499724863
1.4089763E7,13370000,0.9818038151296512,0.9785869577998292
1.4100857E7,13380000,0.9818038151296512,0.9785893620280279
1.4112179E7,13390000,0.9818038151296512,0.9785917626651465
1.4122984E7,13400000,0.9818038151296512,0.9785941597192245
1.4134225E7,13410000,0.9818038151296512,0.9785965531982779
1.4145239E7,13420000,0.9818038151296512,0.9785989431102983
1.415676E7,13430000,0.9818038151296512,0.978601329463254
1.4167797E7,13440000,0.9818038151296512,0.9786037122650891
1.4178714E7,13450000,0.9818038151296512,0.9786060915237246
1.4189586E7,13460000,0.9818038151296512,0.9786084672470574
1.4200566E7,13470000,0.9818038151296512,0.9786108394429615
1.4211692E7,13480000,0.9818038151296512,0.978613208119287
1.4222589E7,13490000,0.9818038151296512,0.9786155732838611
1.4233712E7,13500000,0.9818038151296512,0.9786179349444877
1.4244716E7,13510000,0.9818038151296512,0.9786202931089475
1.4255696E7,13520000,0.9818038151296512,0.9786226477849984
1.4266844E7,13530000,0.9818038151296512,0.9786249989803751
1.4278124E7,13540000,0.9818038151296512,0.9786273467027897
1.4289206E7,13550000,0.9818038151296512,0.9786296909599315
1.4300047E7,13560000,0.9818038151296512,0.9786320317594667
1.4311115E7,13570000,0.9818038151296512,0.9786343691090394
1.4322366E7,13580000,0.9818038151296512,0.9786367030162713
1.4333091E7,13590000,0.9818038151296512,0.9786390334887609
1.4344252E7,13600000,0.9818038151296512,0.9786413605340852
1.4355007E7,13610000,0.9818038151296512,0.9786436841597984
1.4365841E7,13620000,0.9818038151296512,0.9786460043734327
1.437675E7,13630000,0.9818038151296512,0.9786483211824982
1.4387532E7,13640000,0.9818038151296512,0.978650634594483
1.4398617E7,13650000,0.9818038151296512,0.9786529446168531
1.4410102E7,13660000,0.9818038151296512,0.978655251257053
1.4421154E7,13670000,0.9818038151296512,0.9786575545225048
1.443232E7,13680000,0.9818038151296512,0.9786598544206095
1.4443184E7,13690000,0.9818038151296512,0.9786621509587462
1.4453899E7,13700000,0.9818038151296512,0.9786644441442726
1.4464792E7,13710000,0.9818038151296512,0.9786667339845245
1.447581E7,13720000,0.9818038151296512,0.9786690204868169
1.4486796E7,13730000,0.9818038151296512,0.9786713036584432
1.4498048E7,13740000,0.9818038151296512,0.9786735835066757
1.450894E7,13750000,0.9818038151296512,0.9786758600387652
1.451995E7,13760000,0.9818038151296512,0.9786781332619418
1.4530562E7,13770000,0.9818038151296512,0.9786804031834144
1.4541658E7,13780000,0.9818038151296512,0.9786826698103711
1.4552494E7,13790000,0.9818038151296512,0.9786849331499791
1.4563451E7,13800000,0.9818038151296512,0.9786871932093847
1.4574667E7,13810000,0.9818038151296512,0.9786894499957137
1.4585662E7,13820000,0.9818038151296512,0.9786917035160712
1.4596755E7,13830000,0.9818038151296512,0.9786939537775416
1.4608503E7,13840000,0.9818038151296512,0.9786962007871892
1.4619456E7,13850000,0.9818038151296512,0.9786984445520575
1.4630082E7,13860000,0.9818038151296512,0.9787006850791699
1.4641189E7,13870000,0.9818038151296512,0.9787029223755292
1.4651928E7,13880000,0.9818038151296512,0.9787051564481188
1.466262E7,13890000,0.9818038151296512,0.9787073873039012
1.4673595E7,13900000,0.9818038151296512,0.978709614949819
1.4684745E7,13910000,0.9818038151296512,0.9787118393927953
1.4695764E7,13920000,0.9818038151296512,0.9787140606397327
1.4706547E7,13930000,0.9818038151296512,0.9787162786975144
1.4717493E7,13940000,0.9818038151296512,0.9787184935730039
1.4728867E7,13950000,0.9818038151296512,0.9787207052730446
1.4740167E7,13960000,0.9818038151296512,0.9787229138044605
1.4751327E7,13970000,0.9818038151296512,0.9787251191740564
1.476221E7,13980000,0.9818038151296512,0.9787273213886168
1.4773177E7,13990000,0.9818038151296512,0.9787295204549079
1.4784202E7,14000000,0.9818038151296512,0.9787317163796756
1.4795538E7,14010000,0.9818038151296512,0.9787339091696472
1.4806424E7,14020000,0.9818038151296512,0.9787360988315302
1.4817316E7,14030000,0.9818038151296512,0.9787382853720137
1.4828167E7,14040000,0.9818038151296512,0.978740468797767
1.4839107E7,14050000,0.9818038151296512,0.9787426491154411
1.4850143E7,14060000,0.9818038151296512,0.9787448263316675
1.4861281E7,14070000,0.9818038151296512,0.9787470004530591
1.4872295E7,14080000,0.9818038151296512,0.9787491714862102
1.4883636E7,14090000,0.9818038151296512,0.978751339437696
1.4894603E7,14100000,0.9818038151296512,0.9787535043140734
1.4905558E7,14110000,0.9818038151296512,0.9787556661218804
1.4916523E7,14120000,0.9818038151296512,0.9787578248676366
1.4927431E7,14130000,0.9818038151296512,0.9787599805578434
1.4938345E7,14140000,0.9818038151296512,0.9787621331989833
1.4949099E7,14150000,0.9818038151296512,0.9787642827975209
1.4960199E7,14160000,0.9818038151296512,0.9787664293599025
1.4971186E7,14170000,0.9818038151296512,0.9787685728925559
1.4982008E7,14180000,0.9818038151296512,0.978770713401891
1.4993184E7,14190000,0.9818038151296512,0.9787728508942997
1.5003974E7,14200000,0.9818038151296512,0.9787749853761556
1.5015005E7,14210000,0.9818038151296512,0.9787771168538147
1.5025715E7,14220000,0.9818038151296512,0.9787792453336149
1.5036417E7,14230000,0.9818038151296512,0.9787813708218764
1.5047347E7,14240000,0.9818038151296512,0.9787834933249017
1.5058863E7,14250000,0.9818038151296512,0.9787856128489753
1.5069931E7,14260000,0.9818038151296512,0.9787877294003643
1.5081138E7,14270000,0.9818038151296512,0.9787898429853182
1.5092032E7,14280000,0.9818038151296512,0.9787919536100693
1.5102999E7,14290000,0.9818038151296512,0.9787940612808318
1.5113933E7,14300000,0.9818038151296512,0.9787961660038031
1.512522E7,14310000,0.9818038151296512,0.978798267785163
1.5136559E7,14320000,0.9818038151296512,0.978800366631074
1.5147399E7,14330000,0.9818038151296512,0.9788024625476816
1.5158401E7,14340000,0.9818038151296512,0.978804555541114
1.5169581E7,14350000,0.9818038151296512,0.9788066456174824
1.5180498E7,14360000,0.9818038151296512,0.9788087327828809
1.5191657E7,14370000,0.9818038151296512,0.9788108170433867
1.52025E7,14380000,0.9818038151296512,0.9788128984050601
1.5213466E7,14390000,0.9818038151296512,0.9788149768739446
1.5224099E7,14400000,0.9818038151296512,0.9788170524560666
1.5235382E7,14410000,0.9818038151296512,0.9788191251574363
1.5246483E7,14420000,0.9818038151296512,0.9788211949840467
1.5257807E7,14430000,0.9818038151296512,0.9788232619418747
1.5268653E7,14440000,0.9818038151296512,0.9788253260368802
1.5279601E7,14450000,0.9818038151296512,0.9788273872750067
1.5290656E7,14460000,0.9818038151296512,0.9788294456621816
1.5301746E7,14470000,0.9818038151296512,0.9788315012043153
1.531254E7,14480000,0.9818038151296512,0.9788335539073024
1.5323174E7,14490000,0.9818038151296512,0.9788356037770212
1.5334128E7,14500000,0.9818038151296512,0.9788376508193334
1.5345106E7,14510000,0.9818038151296512,0.978839695040085
1.5356211E7,14520000,0.9818038151296512,0.9788417364451054
1.5367272E7,14530000,0.9818038151296512,0.9788437750402084
1.5378014E7,14540000,0.9818038151296512,0.9788458108311915
1.5388724E7,14550000,0.9818038151296512,0.9788478438238366
1.5399788E7,14560000,0.9818038151296512,0.9788498740239093
1.5410858E7,14570000,0.9818038151296512,0.9788519014371597
1.5421959E7,14580000,0.9818038151296512,0.978853926069322
1.5433143E7,14590000,0.9818038151296512,0.9788559479261146
1.5444061E7,14600000,0.9818038151296512,0.9788579670132405
1.5455236E7,14610000,0.9818038151296512,0.9788599833363866
1.5466292E7,14620000,0.9818038151296512,0.9788619969012247
1.5477312E7,14630000,0.9818038151296512,0.978864007713411
1.5488294E7,14640000,0.9818038151296512,0.9788660157785861
1.5499002E7,14650000,0.9818038151296512,0.9788680211023753
1.5510197E7,14660000,0.9818038151296512,0.9788700236903884
1.5521722E7,14670000,0.9818038151296512,0.9788720235482203
1.5532476E7,14680000,0.9818038151296512,0.9788740206814502
1.5543454E7,14690000,0.9818038151296512,0.9788760150956425
1.5554327E7,14700000,0.9818038151296512,0.978878006796346
1.556504E7,14710000,0.9818038151296512,0.9788799957890947
1.557621E7,14720000,0.9818038151296512,0.9788819820794076
1.558709E7,14730000,0.9818038151296512,0.9788839656727887
1.5598195E7,14740000,0.9818038151296512,0.9788859465747269
1.5609192E7,14750000,0.9818038151296512,0.9788879247906964
1.5620423E7,14760000,0.9818038151296512,0.9788899003261565
1.5631536E7,14770000,0.9818038151296512,0.9788918731865517
1.5642231E7,14780000,0.9818038151296512,0.9788938433773116
1.5653253E7,14790000,0.9818038151296512,0.9788958109038515
1.5664435E7,14800000,0.9818038151296512,0.9788977757715717
1.5675355E7,14810000,0.9818038151296512,0.978899737985858
1.5686459E7,14820000,0.9818038151296512,0.978901697552082
1.5697347E7,14830000,0.9818038151296512,0.9789036544756003
1.5708449E7,14840000,0.9818038151296512,0.9789056087617554
1.5719402E7,14850000,0.9818038151296512,0.9789075604158752
1.5730656E7,14860000,0.9818038151296512,0.9789095094432736
1.5741704E7,14870000,0.9818038151296512,0.9789114558492497
1.5752901E7,14880000,0.9818038151296512,0.9789133996390887
1.5763891E7,14890000,0.9818038151296512,0.9789153408180616
1.5774834E7,14900000,0.9818038151296512,0.9789172793914251
1.5785916E7,14910000,0.9818038151296512,0.9789192153644221
1.5796825E7,14920000,0.9818038151296512,0.9789211487422809
1.5807663E7,14930000,0.9818038151296512,0.9789230795302162
1.5818859E7,14940000,0.9818038151296512,0.9789250077334287
1.5829911E7,14950000,0.9818038151296512,0.9789269333571052
1.5840781E7,14960000,0.9818038151296512,0.9789288564064185
1.5851649E7,14970000,0.9818038151296512,0.9789307768865276
1.5862868E7,14980000,0.9818038151296512,0.9789326948025778
1.5873732E7,14990000,0.9818038151296512,0.9789346101597006
1.5884648E7,15000000,0.9818038151296512,0.978936522963014
1.5895605E7,15010000,0.9818038151296512,0.9789384332176221
1.5906435E7,15020000,0.9818038151296512,0.9789403409286156
1.5917585E7,15030000,0.9818038151296512,0.9789422461010714
1.5928446E7,15040000,0.9818038151296512,0.9789441487400532
1.5939532E7,15050000,0.9818038151296512,0.9789460488506112
1.5950296E7,15060000,0.9818038151296512,0.9789479464377819
1.5961433E7,15070000,0.9818038151296512,0.9789498415065888
1.5972238E7,15080000,0.9818038151296512,0.9789517340620418
1.5983463E7,15090000,0.9818038151296512,0.9789536241091377
1.5994648E7,15100000,0.9818038151296512,0.97895551165286
1.6005455E7,15110000,0.9818038151296512,0.9789573966981789
1.601666E7,15120000,0.9818038151296512,0.9789592792500517
1.6027546E7,15130000,0.9818038151296512,0.9789611593134222
1.6038671E7,15140000,0.9818038151296512,0.9789630368932216
1.6050002E7,15150000,0.9818038151296512,0.9789649119943679
1.6061201E7,15160000,0.9818038151296512,0.9789667846217659
1.607198E7,15170000,0.9818038151296512,0.9789686547803077
1.6082543E7,15180000,0.9818038151296512,0.9789705224748726
1.609373E7,15190000,0.9818038151296512,0.9789723877103268
1.6104541E7,15200000,0.9818038151296512,0.9789742504915238
1.6115647E7,15210000,0.9818038151296512,0.9789761108233043
1.6126744E7,15220000,0.9818038151296512,0.9789779687104965
1.6137973E7,15230000,0.9818038151296512,0.9789798241579155
1.6148947E7,15240000,0.9818038151296512,0.9789816771703642
1.6160011E7,15250000,0.9818038151296512,0.9789835277526326
1.6171074E7,15260000,0.9818038151296512,0.9789853759094984
1.6182016E7,15270000,0.9818038151296512,0.9789872216457265
1.6192921E7,15280000,0.9818038151296512,0.9789890649660694
1.6203744E7,15290000,0.9818038151296512,0.9789909058752674
1.6214607E7,15300000,0.9818038151296512,0.9789927443780481
1.6225419E7,15310000,0.9818038151296512,0.9789945804791269
1.623652E7,15320000,0.9818038151296512,0.9789964141832069
1.6247761E7,15330000,0.9818038151296512,0.978998245494979
1.6258836E7,15340000,0.9818038151296512,0.9790000744191216
1.6270082E7,15350000,0.9818038151296512,0.9790019009603013
1.6280966E7,15360000,0.9818038151296512,0.9790037251231719
1.629187E7,15370000,0.9818038151296512,0.979005546912376
1.6302878E7,15380000,0.9818038151296512,0.9790073663325433
1.6314466E7,15390000,0.9818038151296512,0.979009183388292
1.6325425E7,15400000,0.9818038151296512,0.979010998084228
1.6336436E7,15410000,0.9818038151296512,0.9790128104249454
1.6347403E7,15420000,0.9818038151296512,0.9790146204150263
1.6358272E7,15430000,0.9818038151296512,0.9790164280590411
1.6369008E7,15440000,0.9818038151296512,0.979018233361548
1.6380221E7,15450000,0.9818038151296512,0.9790200363270938
1.6391412E7,15460000,0.9818038151296512,0.9790218369602132
1.6402655E7,15470000,0.9818038151296512,0.9790236352654295
1.641359E7,15480000,0.9818038151296512,0.9790254312472539
1.6424708E7,15490000,0.9818038151296512,0.9790272249101865
1.6435948E7,15500000,0.9818038151296512,0.9790290162587152
1.6447416E7,15510000,0.9818038151296512,0.9790308052973168
1.645819E7,15520000,0.9818038151296512,0.9790325920304562
1.6469394E7,15530000,0.9818038151296512,0.9790343764625872
1.6480467E7,15540000,0.9818038151296512,0.9790361585981516
1.6491611E7,15550000,0.9818038151296512,0.9790379384415803
1.6502384E7,15560000,0.9818038151296512,0.9790397159972926
1.6513388E7,15570000,0.9818038151296512,0.9790414912696961
1.6524587E7,15580000,0.9818038151296512,0.9790432642631879
1.6535383E7,15590000,0.9818038151296512,0.9790450349821529
1.6546305E7,15600000,0.9818038151296512,0.9790468034309655
1.6557277E7,15610000,0.9818038151296512,0.9790485696139885
1.6568437E7,15620000,0.9818038151296512,0.9790503335355734
1.6579457E7,15630000,0.9818038151296512,0.9790520952000611
1.6590344E7,15640000,0.9818038151296512,0.9790538546117807
1.6601539E7,15650000,0.9818038151296512,0.9790556117750511
1.6612717E7,15660000,0.9818038151296512,0.9790573666941792
1.66239E7,15670000,0.9818038151296512,0.9790591193734617
1.663458E7,15680000,0.9818038151296512,0.9790608698171838
1.6645396E7,15690000,0.9818038151296512,0.9790626180296201
1.6656515E7,15700000,0.9818038151296512,0.9790643640150342
1.6667721E7,15710000,0.9818038151296512,0.9790661077776788
1.6678875E7,15720000,0.9818038151296512,0.9790678493217959
1.668972E7,15730000,0.9818038151296512,0.9790695886516166
1.670074E7,15740000,0.9818038151296512,0.9790713257713612
1.6711714E7,15750000,0.9818038151296512,0.9790730606852396
1.6722778E7,15760000,0.9818038151296512,0.9790747933974506
1.6733767E7,15770000,0.9818038151296512,0.9790765239121826
1.674454E7,15780000,0.9818038151296512,0.9790782522336132
1.6755556E7,15790000,0.9818038151296512,0.9790799783659097
1.6766406E7,15800000,0.9818038151296512,0.9790817023132286
1.6777689E7,15810000,0.9818038151296512,0.9790834240797159
1.6788378E7,15820000,0.9818038151296512,0.9790851436695074
1.6799178E7,15830000,0.9818038151296512,0.979086861086728
1.6810277E7,15840000,0.9818038151296512,0.9790885763354925
1.6821278E7,15850000,0.9818038151296512,0.9790902894199053
1.6832665E7,15860000,0.9818038151296512,0.9790920003440603
1.6843796E7,15870000,0.9818038151296512,0.9790937091120412
1.6854862E7,15880000,0.9818038151296512,0.9790954157279214
1.6865779E7,15890000,0.9818038151296512,0.979097120195764
1.6877276E7,15900000,0.9818038151296512,0.9790988225196218
1.6888401E7,15910000,0.9818038151296512,0.9791005227035376
1.6899201E7,15920000,0.9818038151296512,0.9791022207515441
1.6910441E7,15930000,0.9818038151296512,0.9791039166676635
1.6921449E7,15940000,0.9818038151296512,0.9791056104559082
1.6932893E7,15950000,0.9818038151296512,0.9791073021202805
1.6944112E7,15960000,0.9818038151296512,0.9791089916647727
1.6955149E7,15970000,0.9818038151296512,0.9791106790933669
1.6965848E7,15980000,0.9818038151296512,0.9791123644100355
1.6976643E7,15990000,0.9818038151296512,0.9791140476187408
1.6987825E7,16000000,0.9818038151296512,0.9791157287234351
1.6998749E7,16010000,0.9818038151296512,0.9791174077280612
1.700994E7,16020000,0.9818038151296512,0.9791190846365516
1.7021106E7,16030000,0.9818038151296512,0.9791207594528294
1.7032686E7,16040000,0.9818038151296512,0.9791224321808075
1.70436E7,16050000,0.9818038151296512,0.9791241028243893
1.7054774E7,16060000,0.9818038151296512,0.9791257713874687
1.7065672E7,16070000,0.9818038151296512,0.9791274378739293
1.7076596E7,16080000,0.9818038151296512,0.9791291022876456
1.7087723E7,16090000,0.9818038151296512,0.9791307646324823
1.7098805E7,16100000,0.9818038151296512,0.9791324249122942
1.7110071E7,16110000,0.9818038151296512,0.9791340831309271
1.7121163E7,16120000,0.9818038151296512,0.9791357392922166
1.7132214E7,16130000,0.9818038151296512,0.9791373933999894
1.7143247E7,16140000,0.9818038151296512,0.9791390454580624
1.7154491E7,16150000,0.9818038151296512,0.9791406954702431
1.7165729E7,16160000,0.9818038151296512,0.9791423434403294
1.7176876E7,16170000,0.9818038151296512,0.9791439893721101
1.718836E7,16180000,0.9818038151296512,0.9791456332693644
1.7199479E7,16190000,0.9818038151296512,0.9791472751358625
1.7210769E7,16200000,0.9818038151296512,0.9791489149753649
1.7221633E7,16210000,0.9818038151296512,0.9791505527916231
1.7232639E7,16220000,0.9818038151296512,0.979152188588379
1.7243961E7,16230000,0.9818038151296512,0.9791538223693657
1.7254956E7,16240000,0.9818038151296512,0.9791554541383068
1.7265887E7,16250000,0.9818038151296512,0.9791570838989169
1.727668E7,16260000,0.9818038151296512,0.9791587116549014
1.7287898E7,16270000,0.9818038151296512,0.9791603374099567
1.7298966E7,16280000,0.9818038151296512,0.9791619611677698
1.7309959E7,16290000,0.9818038151296512,0.979163582932019
1.7320856E7,16300000,0.9818038151296512,0.9791652027063734
1.7331659E7,16310000,0.9818038151296512,0.9791668204944932
1.7342637E7,16320000,0.9818038151296512,0.9791684363000296
1.7353614E7,16330000,0.9818038151296512,0.9791700501266246
1.7365202E7,16340000,0.9818038151296512,0.9791716619779117
1.7376372E7,16350000,0.9818038151296512,0.9791732718575152
1.7386971E7,16360000,0.9818038151296512,0.9791748797690509
1.7397859E7,16370000,0.9818038151296512,0.9791764857161253
1.7408862E7,16380000,0.9818038151296512,0.9791780897023362
1.7420034E7,16390000,0.9818038151296512,0.9791796917312731
1.7431152E7,16400000,0.9818038151296512,0.979181291806516
1.7442099E7,16410000,0.9818038151296512,0.9791828899316368
1.7453098E7,16420000,0.9818038151296512,0.9791844861101984
1.7464373E7,16430000,0.9818038151296512,0.979186080345755
1.7475521E7,16440000,0.9818038151296512,0.9791876726418524
1.748652E7,16450000,0.9818038151296512,0.9791892630020274
1.7497864E7,16460000,0.9818038151296512,0.9791908514298084
1.7508692E7,16470000,0.9818038151296512,0.9791924379287156
1.7519607E7,16480000,0.9818038151296512,0.9791940225022598
1.7530421E7,16490000,0.9818038151296512,0.9791956051539442
1.754163E7,16500000,0.9818038151296512,0.9791971858872629
1.7552671E7,16510000,0.9818038151296512,0.9791987647057017
1.7563825E7,16520000,0.9818038151296512,0.9792003416127381
1.7574705E7,16530000,0.9818038151296512,0.9792019166118409
1.7585783E7,16540000,0.9818038151296512,0.9792034897064709
1.7596553E7,16550000,0.9818038151296512,0.9792050609000801
1.7607246E7,16560000,0.9818038151296512,0.9792066301961125
1.7618057E7,16570000,0.9818038151296512,0.9792081975980036
1.7629218E7,16580000,0.9818038151296512,0.9792097631091808
1.7640355E7,16590000,0.9818038151296512,0.979211326733063
1.7651144E7,16600000,0.9818038151296512,0.979212888473061
1.7662078E7,16610000,0.9818038151296512,0.9792144483325774
1.7672793E7,16620000,0.9818038151296512,0.9792160063150065
1.7684192E7,16630000,0.9818038151296512,0.9792175624237346
1.7695057E7,16640000,0.9818038151296512,0.9792191166621396
1.7705941E7,16650000,0.9818038151296512,0.9792206690335916
1.7717199E7,16660000,0.9818038151296512,0.9792222195414525
1.772813E7,16670000,0.9818038151296512,0.9792237681890759
1.7738861E7,16680000,0.9818038151296512,0.9792253149798077
1.7750299E7,16690000,0.9818038151296512,0.9792268599169857
1.7760986E7,16700000,0.9818038151296512,0.9792284030039394
1.7772002E7,16710000,0.9818038151296512,0.9792299442439908
1.7783427E7,16720000,0.9818038151296512,0.9792314836404535
1.7794795E7,16730000,0.9818038151296512,0.9792330211966336
1.7805863E7,16740000,0.9818038151296512,0.9792345569158291
1.7816968E7,16750000,0.9818038151296512,0.9792360908013299
1.7828068E7,16760000,0.9818038151296512,0.9792376228564185
1.7838953E7,16770000,0.9818038151296512,0.9792391530843692
1.7850113E7,16780000,0.9818038151296512,0.9792406814884487
1.7860962E7,16790000,0.9818038151296512,0.9792422080719158
1.7871957E7,16800000,0.9818038151296512,0.9792437328380216
1.788281E7,16810000,0.9818038151296512,0.9792452557900095
1.7894545E7,16820000,0.9818038151296512,0.9792467769311153
1.790567E7,16830000,0.9818038151296512,0.9792482962645666
1.7916877E7,16840000,0.9818038151296512,0.9792498137935839
1.7927963E7,16850000,0.9818038151296512,0.9792513295213798
1.7939047E7,16860000,0.9818038151296512,0.9792528434511595
1.7950232E7,16870000,0.9818038151296512,0.9792543555861201
1.7961509E7,16880000,0.9818038151296512,0.9792558659294516
1.7972228E7,16890000,0.9818038151296512,0.9792573744843364
1.798312E7,16900000,0.9818038151296512,0.979258881253949
